Date,Open,High,Low,Close,Volume,Value
2019-10-28,1186.0,1212.0,1186.0,1206.0,204766.0,245462320.4
2019-10-29,1202.0,1226.0,1200.2,1219.8,68382.0,82888163.2
2019-10-30,1225.0,1227.0,1212.8,1217.0,36691.0,44656578.0
2019-10-31,1221.4,1223.8,1210.2,1216.0,19326.0,23469279.2
2019-11-01,1218.4,1219.0,1212.6,1214.0,16625.0,20215418.4
2019-11-05,1217.8,1220.0,1197.4,1198.0,61347.0,73869925.4
2019-11-06,1209.8,1214.0,1190.0,1208.6,21717.0,26181538.0
2019-11-07,1220.0,1225.8,1201.2,1225.8,38222.0,46531750.0
2019-11-08,1226.2,1251.2,1216.0,1222.8,20250.0,24803493.0
2019-11-11,1229.8,1230.0,1216.2,1222.0,7094.0,8679139.2
2019-11-12,1228.0,1242.0,1223.4,1235.6,27393.0,33690928.2
2019-11-13,1248.6,1248.6,1231.6,1239.4,33644.0,41660630.2
2019-11-14,1248.6,1276.4,1235.2,1261.2,84600.0,106614107.0
2019-11-15,1276.0,1312.4,1249.2,1250.0,33713.0,42369663.2
2019-11-18,1274.8,1275.8,1250.2,1255.0,43925.0,55223550.4
2019-11-19,1274.0,1274.0,1235.6,1241.0,128523.0,160804778.4
2019-11-20,1250.0,1252.0,1215.0,1215.8,126020.0,154871162.0
2019-11-21,1219.8,1221.4,1206.0,1210.8,63452.0,77120138.4
2019-11-22,1219.4,1219.6,1196.4,1202.0,80217.0,96602649.2
2019-11-25,1209.2,1220.2,1200.8,1206.0,52066.0,62798726.0
2019-11-26,1207.2,1212.0,1197.0,1199.4,128226.0,154526592.0
2019-11-27,1208.0,1208.2,1199.8,1203.0,70640.0,85051236.6
2019-11-28,1207.6,1207.6,1191.0,1194.2,117215.0,140420088.4
2019-11-29,1204.6,1205.0,1174.6,1185.8,87847.0,104009952.6
2019-12-02,1177.0,1199.6,1174.8,1176.4,62359.0,73634677.0
2019-12-03,1161.0,1179.8,1130.0,1133.0,127204.0,146725827.4
2019-12-04,1135.0,1140.0,1126.6,1140.0,34008.0,38587988.4
2019-12-05,1144.6,1174.2,1137.2,1167.8,72013.0,83154006.4
2019-12-06,1169.8,1192.0,1167.0,1186.2,125107.0,147879936.0
2019-12-09,1207.8,1230.0,1180.4,1228.4,89712.0,108597979.0
2019-12-10,1230.0,1248.0,1221.0,1238.8,158239.0,195496159.6
2019-12-11,1243.0,1264.8,1219.0,1234.8,102807.0,128517597.0
2019-12-12,1244.0,1245.0,1224.2,1235.0,176037.0,217107686.6
2019-12-13,1249.0,1257.8,1204.4,1257.2,92558.0,115487374.4
2019-12-16,1266.0,1305.0,1251.0,1300.0,244473.0,313549093.2
2019-12-17,1304.8,1314.0,1290.8,1299.6,90448.0,117629369.0
2019-12-18,1308.8,1327.6,1301.4,1322.4,117307.0,154609998.8
2019-12-19,1325.8,1340.0,1317.4,1340.0,200152.0,265925358.0
2019-12-20,1333.8,1333.8,1285.0,1285.6,183508.0,240208094.0
2019-12-23,1285.6,1309.6,1285.6,1304.6,56853.0,73997952.4
2019-12-24,1302.0,1310.0,1300.0,1310.0,42682.0,55664494.6
2019-12-25,1313.0,1346.0,1300.0,1313.8,36177.0,47212737.2
2019-12-26,1301.0,1310.0,1281.0,1305.0,25835.0,33651797.8
2019-12-27,1319.8,1339.0,1295.2,1308.6,65864.0,86062830.0
2019-12-30,1317.0,1335.8,1301.4,1311.2,38121.0,49835201.8
2020-01-03,1317.2,1353.0,1317.2,1332.4,86037.0,115661375.8
2020-01-06,1340.0,1349.4,1312.0,1322.8,54394.0,71864157.0
2020-01-08,1315.2,1350.2,1312.4,1350.2,69111.0,92213837.2
2020-01-09,1350.2,1368.0,1333.8,1366.8,65027.0,88277620.0
2020-01-10,1355.2,1401.0,1355.0,1398.4,73345.0,101292419.2
2020-01-13,1384.6,1434.4,1384.4,1426.4,309449.0,438536040.0
2020-01-14,1440.8,1450.0,1405.2,1426.4,405080.0,580256288.8
2020-01-15,1437.4,1473.2,1414.8,1453.8,439150.0,634969550.0
2020-01-16,1470.0,1490.2,1441.2,1452.0,696392.0,1024086305.4
2020-01-17,1451.0,1467.0,1444.4,1465.2,173432.0,252639893.0
2020-01-20,1490.0,1490.0,1451.8,1473.2,171556.0,252606195.8
2020-01-21,1472.0,1472.6,1437.2,1448.0,290698.0,423936712.6
2020-01-22,1460.6,1467.6,1442.8,1444.8,346407.0,502084768.0
2020-01-23,1440.0,1458.4,1420.2,1436.4,335086.0,484650518.2
2020-01-24,1438.4,1467.8,1426.2,1437.4,247016.0,356550698.0
2020-01-27,1427.6,1439.2,1386.0,1399.2,249092.0,353877184.0
2020-01-28,1391.2,1456.6,1391.2,1450.0,185645.0,265314586.4
2020-01-29,1473.2,1476.8,1428.4,1468.0,230034.0,332725656.8
2020-01-30,1477.6,1487.2,1444.0,1486.2,50912.0,74935761.8
2020-01-31,1490.0,1527.8,1470.0,1515.0,91160.0,137454008.6
2020-02-03,1520.4,1565.0,1484.2,1545.0,198887.0,306691554.0
2020-02-04,1567.0,1616.8,1545.4,1590.4,215604.0,342655459.8
2020-02-05,1609.6,1656.6,1592.6,1635.2,356181.0,579400283.0
2020-02-06,1660.0,1676.8,1632.4,1645.2,218745.0,361656962.2
2020-02-07,1650.0,1670.0,1638.8,1662.0,139804.0,231905363.4
2020-02-10,1673.6,1699.8,1661.0,1670.6,176483.0,296210206.6
2020-02-11,1690.0,1698.0,1654.2,1684.8,182803.0,305525477.4
2020-02-12,1699.6,1699.6,1648.0,1671.6,95963.0,159489298.4
2020-02-13,1671.0,1680.0,1652.2,1657.8,72840.0,121033651.2
2020-02-14,1665.8,1673.6,1615.2,1650.0,89670.0,146837009.4
2020-02-17,1638.8,1639.4,1600.0,1610.2,128859.0,207440521.2
2020-02-18,1601.0,1636.0,1590.2,1604.0,89952.0,144801298.0
2020-02-19,1615.8,1624.8,1600.2,1624.8,54883.0,88413297.0
2020-02-20,1628.0,1663.8,1619.2,1644.4,89189.0,147085540.2
2020-02-21,1641.8,1659.0,1611.2,1631.6,72203.0,118054821.6
2020-02-25,1580.0,1614.8,1551.0,1590.6,151916.0,242154694.0
2020-02-26,1567.0,1602.0,1511.2,1595.2,343060.0,535995299.0
2020-02-27,1573.0,1615.8,1530.0,1551.0,190779.0,297493671.8
2020-02-28,1500.0,1530.0,1361.0,1474.2,416136.0,602815782.6
2020-03-02,1448.6,1514.2,1371.0,1437.4,459641.0,658290013.0
2020-03-03,1420.0,1441.6,1375.0,1419.6,244012.0,341249869.8
2020-03-04,1401.4,1462.4,1345.8,1454.4,203070.0,288174090.6
2020-03-05,1524.0,1524.0,1432.2,1482.0,197018.0,288305074.2
2020-03-06,1400.4,1427.2,1053.4,1116.6,899771.0,1103894806.8
2020-03-10,1005.0,1220.2,952.0,1131.0,626347.0,713542525.6
2020-03-11,1157.8,1250.0,1125.0,1167.2,846021.0,1007486684.8
2020-03-12,1083.0,1145.4,960.6,960.6,593342.0,617180911.0
2020-03-13,989.0,1088.0,910.4,1045.0,458034.0,473681493.2
2020-03-16,1017.2,1057.0,956.0,1010.8,428438.0,428075667.0
2020-03-17,1000.2,1029.0,920.0,934.6,307974.0,297331085.2
2020-03-18,939.8,939.8,851.4,873.8,469827.0,419147593.0
2020-03-19,894.0,945.0,810.0,934.0,426633.0,376861953.2
2020-03-20,980.4,1021.6,958.0,987.0,333010.0,327912713.4
2020-03-23,945.0,966.0,890.4,924.2,432353.0,399579004.8
2020-03-24,972.0,1010.0,934.6,951.6,302922.0,290615870.4
2020-03-25,996.0,1030.0,936.2,960.4,406139.0,398977334.4
2020-03-26,955.0,975.0,913.6,940.0,343304.0,320825014.8
2020-03-27,939.0,970.0,882.0,882.0,202418.0,184275917.6
2020-03-30,882.0,882.0,824.4,831.8,597948.0,501613678.4
2020-03-31,855.0,918.0,835.0,900.0,767225.0,677033439.1999993
2020-04-01,878.0,898.8,860.0,860.8,364092.0,318614198.0
2020-04-02,879.0,886.0,818.0,835.0,912607.0,770926556.6
2020-04-03,840.0,868.6,830.2,862.0,593020.0,507261981.4
2020-04-06,870.2,958.6,864.6,950.0,845462.0,777066795.6
2020-04-07,969.0,1038.0,938.6,956.2,1516143.0,1506752721.0
2020-04-08,940.4,967.0,915.0,959.0,862195.0,818801666.2
2020-04-09,980.0,1002.0,920.0,931.0,1026030.0,983336222.0
2020-04-10,939.0,941.8,916.0,940.6,230704.0,215121286.2
2020-04-13,936.0,945.6,909.8,912.4,354295.0,325371426.2
2020-04-14,925.0,955.0,919.2,940.0,606793.0,570774102.6
2020-04-15,941.4,948.8,908.2,913.2,483466.0,449976867.0
2020-04-16,930.0,930.0,891.0,891.0,576379.0,525120813.2
2020-04-17,915.0,922.8,877.8,895.0,504347.0,450939952.6
2020-04-20,904.0,905.0,865.0,875.0,373138.0,328296927.2
2020-04-21,861.0,867.0,830.0,843.0,828529.0,700556569.6
2020-04-22,836.2,860.6,833.2,858.0,491983.0,418423316.0
2020-04-23,869.0,882.2,851.2,875.0,778283.0,675618247.6
2020-04-24,856.2,927.4,854.6,904.0,712358.0,641148152.0
2020-04-27,930.8,946.0,874.2,940.0,689191.0,635822045.6
2020-04-28,940.0,1004.6,936.0,999.0,1033898.0,1012159866.8
2020-04-29,1000.2,1031.8,989.6,1025.0,672313.0,686684021.2
2020-04-30,1034.8,1037.8,987.0,1025.0,659980.0,667455020.4
2020-05-04,1006.0,1025.4,994.8,1020.0,287281.0,289489447.6
2020-05-05,1030.0,1037.8,1013.4,1024.0,160671.0,164708141.0
2020-05-06,1029.6,1038.8,1011.2,1014.8,204169.0,209436352.4
2020-05-07,1017.6,1048.8,1013.2,1036.6,333710.0,345598721.8
2020-05-08,1049.6,1049.6,1027.0,1038.4,146973.0,152470736.4
2020-05-12,1044.6,1048.6,1025.4,1043.0,234467.0,242856334.6
2020-05-13,1043.2,1071.8,1009.0,1040.8,664417.0,694228895.0
2020-05-14,1047.8,1064.2,1030.0,1049.6,406746.0,427974565.4
2020-05-15,1084.0,1084.6,1050.2,1070.0,407596.0,436221229.4
2020-05-18,1080.0,1092.4,1073.0,1082.0,447591.0,484556046.4
2020-05-19,1090.0,1102.8,1065.6,1102.8,396642.0,430781613.8
2020-05-20,1108.4,1150.6,1092.0,1144.2,472120.0,534509987.0
2020-05-21,1147.6,1178.6,1133.2,1167.2,588043.0,678908482.8
2020-05-22,1154.2,1186.4,1137.0,1184.6,356580.0,414613724.2
2020-05-25,1199.0,1232.2,1184.8,1213.4,281298.0,340387461.8
2020-05-26,1226.0,1231.0,1201.0,1221.2,422163.0,513215100.8
2020-05-27,1222.0,1277.8,1211.0,1245.8,493563.0,617489627.0
2020-05-28,1249.8,1293.8,1249.8,1273.2,600488.0,765597848.6
2020-05-29,1273.0,1279.8,1202.2,1253.0,2331135.0,2907078837.8
2020-06-01,1259.8,1268.6,1186.0,1203.8,434552.0,529879028.6
2020-06-02,1212.0,1261.2,1176.0,1258.6,469751.0,572372342.6
2020-06-03,1259.0,1276.8,1231.0,1235.6,343385.0,429214191.4
2020-06-04,1242.8,1250.0,1209.0,1215.0,278034.0,339917205.2
2020-06-05,1217.0,1229.0,1206.0,1222.4,158484.0,193175651.8
2020-06-08,1230.0,1262.4,1216.4,1246.8,268503.0,334862941.6
2020-06-09,1256.0,1259.4,1180.0,1214.0,336128.0,406406784.4
2020-06-10,1205.2,1224.0,1191.0,1211.2,156397.0,188759246.4
2020-06-11,1197.6,1212.8,1172.2,1205.0,237636.0,284949650.2
2020-06-15,1180.2,1278.8,1139.8,1250.0,347982.0,433630794.6
2020-06-16,1239.2,1330.0,1235.4,1312.8,737100.0,963122394.0
2020-06-17,1319.6,1328.0,1296.4,1309.6,205312.0,270663928.8
2020-06-18,1308.2,1336.8,1306.0,1335.0,201518.0,266156869.2
2020-06-19,1344.0,1355.2,1329.6,1335.4,106126.0,142580182.0
2020-06-22,1336.0,1378.4,1250.0,1371.8,263697.0,353982132.4
2020-06-23,1380.0,1456.8,1374.0,1436.2,394282.0,565467896.6
2020-06-25,1420.0,1476.4,1410.4,1457.4,328283.0,477951224.6
2020-06-26,1457.6,1507.8,1453.0,1462.2,249767.0,369585560.8
2020-06-29,1450.0,1479.0,1413.6,1458.0,285584.0,414174892.6
2020-06-30,1469.8,1488.8,1407.6,1437.6,270579.0,391595651.0
2020-07-02,1440.2,1447.2,1402.0,1447.0,163773.0,233415306.4
2020-07-03,1426.2,1472.6,1426.2,1456.0,74890.0,109278993.6
2020-07-06,1481.0,1515.0,1456.0,1503.8,171618.0,257048412.2
2020-07-07,1480.4,1516.8,1480.4,1490.0,121231.0,180679008.4
2020-07-08,1472.0,1496.4,1436.0,1460.0,74077.0,108302538.4
2020-07-09,1463.0,1489.0,1452.2,1470.2,68821.0,101000815.8
2020-07-10,1460.2,1507.8,1445.0,1504.4,116213.0,173729338.4
2020-07-13,1509.8,1551.2,1500.0,1540.6,128373.0,196888191.8
2020-07-14,1522.6,1554.8,1508.0,1531.6,154324.0,237472357.4
2020-07-15,1543.0,1585.0,1536.2,1583.0,108763.0,169655456.6
2020-07-16,1583.0,1617.0,1570.4,1615.8,105260.0,168570130.8
2020-07-17,1625.0,1682.6,1605.2,1655.8,219808.0,364205097.4
2020-07-20,1664.8,1672.0,1632.2,1661.2,131531.0,217993896.6
2020-07-21,1650.2,1750.0,1640.0,1722.6,186237.0,319038220.0
2020-07-22,1729.8,1785.0,1724.4,1770.0,181469.0,319649365.2
2020-07-23,1793.6,1794.0,1706.8,1756.0,233967.0,409458967.6
2020-07-24,1721.2,1782.0,1711.8,1775.8,100444.0,175805647.2
2020-07-27,1787.6,1845.4,1752.2,1832.0,200883.0,364099826.6
2020-07-28,1832.0,1909.6,1800.8,1804.6,330977.0,616313580.8
2020-07-29,1808.0,1844.0,1794.0,1818.0,187618.0,341348624.0
2020-07-30,1820.0,1828.4,1725.0,1778.2,186550.0,332823873.0
2020-07-31,1779.8,1875.0,1770.4,1870.0,188415.0,347156406.0
2020-08-03,1897.0,1904.2,1840.2,1879.2,250541.0,473455688.0
2020-08-04,1889.6,1893.8,1875.0,1884.0,81895.0,154276092.4
2020-08-05,1876.8,1952.8,1867.2,1951.4,162774.0,312109875.2
2020-08-06,1952.0,1996.2,1904.6,1943.2,282191.0,548378392.8
2020-08-07,1964.0,1964.0,1905.2,1919.0,126159.0,243757717.2
2020-08-10,1937.0,1944.2,1801.0,1856.2,377351.0,700934732.0
2020-08-11,1878.0,1888.0,1790.0,1800.0,278374.0,510288696.4
2020-08-12,1804.0,1848.8,1757.0,1824.0,227309.0,405199342.4
2020-08-13,1818.0,1818.0,1751.0,1770.0,268708.0,477047992.8
2020-08-14,1751.4,1762.2,1690.8,1720.6,316806.0,544976005.2
2020-08-17,1703.2,1799.0,1702.4,1788.4,419867.0,735032708.8
2020-08-18,1828.6,1834.6,1750.0,1771.2,151717.0,269212568.2
2020-08-19,1770.2,1855.0,1751.6,1804.0,338530.0,611947136.6
2020-08-20,1819.0,1845.0,1776.6,1824.0,268414.0,486775148.0
2020-08-21,1827.6,1900.0,1824.6,1892.0,264750.0,497245710.6
2020-08-24,1895.2,1930.0,1883.4,1922.8,122726.0,235201881.0
2020-08-25,1923.2,2000.0,1923.2,2000.0,212775.0,419829171.8
2020-08-26,2040.0,2050.0,1960.8,1981.2,200738.0,400138879.2
2020-08-27,1984.8,1989.2,1870.0,1895.0,256446.0,491147031.0
2020-08-28,1930.0,1930.0,1821.0,1876.0,194643.0,361371644.6
2020-08-31,1884.4,1950.4,1851.6,1893.4,266457.0,510082516.8
2020-09-01,1878.0,1878.0,1795.6,1815.2,335861.0,611857398.4
2020-09-02,1807.4,1869.6,1773.0,1835.8,237293.0,434251501.4
2020-09-03,1848.8,1866.0,1781.0,1788.0,233134.0,424329977.4
2020-09-04,1770.2,1820.0,1721.4,1800.0,181159.0,324164447.0
2020-09-07,1793.2,1905.4,1774.0,1888.2,246357.0,457464473.0
2020-09-08,1900.0,1919.8,1804.0,1845.0,292786.0,543640987.0
2020-09-09,1830.0,1858.4,1800.0,1821.6,212699.0,387197324.2
2020-09-10,1827.2,1859.6,1812.4,1839.4,93633.0,171322630.4
2020-09-11,1840.2,1859.8,1803.6,1821.0,140816.0,257321225.6
2020-09-14,1840.0,1857.0,1792.4,1830.6,127884.0,233719368.4
2020-09-15,1841.0,1925.0,1831.4,1916.8,272940.0,515977573.4
2020-09-16,1946.8,1988.0,1907.8,1968.0,266106.0,519440486.4
2020-09-17,1967.8,1997.6,1818.0,1963.2,329483.0,652896618.8
2020-09-18,1974.4,2014.0,1922.0,1962.2,237495.0,473622463.0
2020-09-21,1938.0,1995.0,1910.0,1954.2,278395.0,544665930.4
2020-09-22,1937.4,2195.0,1937.4,2165.0,850641.0,1764923570.0
2020-09-23,2163.4,2165.0,2058.4,2083.2,1375588.0,2908296594.2
2020-09-24,2105.0,2117.4,2014.4,2026.0,425486.0,872772287.6
2020-09-25,2049.0,2055.0,1965.6,2028.4,463631.0,927516591.8
2020-09-28,2028.4,2085.0,2015.8,2070.0,307087.0,630264079.0
2020-09-29,2083.8,2088.2,2036.0,2074.2,130266.0,269299593.4
2020-09-30,2068.0,2068.0,2023.2,2045.2,171049.0,349461226.2
2020-10-01,2078.8,2078.8,1985.4,2006.0,247031.0,500829095.2
2020-10-02,1999.8,2030.0,1986.8,2011.0,97384.0,195997422.0
2020-10-05,2002.2,2099.6,1981.2,2004.8,98484.0,197063215.2
2020-10-06,2010.0,2041.0,1980.0,1985.0,171074.0,342459304.0
2020-10-07,2004.0,2005.0,1945.0,1955.8,135644.0,266830505.8
2020-10-08,1950.2,1959.0,1924.8,1929.0,206243.0,400391155.0
2020-10-09,1926.0,2002.0,1910.0,1985.8,236690.0,465746401.6
2020-10-12,1980.2,2019.0,1871.8,1898.0,698847.0,1341413085.4
2020-10-13,1881.2,1909.4,1840.6,1856.4,407629.0,760104090.6
2020-10-14,1860.2,1957.0,1830.2,1905.4,498797.0,953368673.2
2020-10-15,1931.0,1931.0,1850.2,1888.6,198501.0,372481662.0
2020-10-16,1874.0,1878.2,1754.8,1827.6,691202.0,1257811096.4
2020-10-19,1800.0,1839.4,1750.0,1766.6,261575.0,467597579.0
2020-10-20,1750.8,1835.2,1653.0,1702.0,609793.0,1068417844.4
2020-10-21,1686.0,1757.0,1680.4,1739.8,373033.0,646166032.4
2020-10-22,1739.8,1812.0,1710.4,1805.4,332212.0,593675041.8
2020-10-23,1800.0,1838.2,1791.2,1821.8,136990.0,248604353.6
2020-10-26,1821.8,1898.0,1796.2,1877.8,491179.0,920337340.6
2020-10-27,1858.2,2000.0,1839.2,1965.0,584308.0,1127472249.0
2020-10-28,1954.0,2050.0,1859.0,1937.0,1022618.0,2039657042.0
2020-10-29,1929.2,1984.8,1851.0,1891.0,234705.0,445904746.4
2020-10-30,1874.6,1899.8,1807.0,1872.2,165713.0,308435814.8
2020-11-02,1872.2,1980.0,1834.2,1946.6,236386.0,450630317.4
2020-11-03,1948.2,2021.0,1935.0,1989.2,209593.0,414136177.0
2020-11-05,2020.0,2125.6,2010.0,2088.2,493261.0,1024593663.2
2020-11-06,2080.0,2174.8,2050.8,2144.8,268027.0,564014758.2
2020-11-09,2165.0,2220.2,2111.0,2136.0,356031.0,770426130.2
2020-11-10,2100.4,2172.4,2100.4,2158.4,271356.0,579972280.8
2020-11-11,2082.4,2297.6,2070.0,2279.0,430707.0,950830437.2
2020-11-12,2290.0,2366.0,2210.0,2246.8,320277.0,727414132.2
2020-11-13,2256.0,2338.0,2252.6,2337.6,248073.0,571600299.0
2020-11-16,2350.0,2462.2,2273.8,2299.8,308317.0,715884583.8
2020-11-17,2300.0,2363.0,2252.0,2284.4,213569.0,492032780.4
2020-11-18,2293.8,2331.8,2265.0,2300.0,233019.0,534151252.6
2020-11-19,2323.0,2330.0,2260.0,2261.0,136974.0,312978788.4
2020-11-20,2260.0,2285.0,2226.2,2263.0,99041.0,224198713.8
2020-11-23,2257.0,2291.6,2165.0,2219.4,292737.0,647728108.4
2020-11-24,2185.0,2215.0,2170.0,2201.2,156178.0,342529030.2
2020-11-25,2212.6,2344.6,2174.0,2304.6,3141133.0,7163063507.6
2020-11-26,2300.0,2304.4,2202.8,2244.0,197585.0,442852684.2
2020-11-27,2227.4,2319.6,2227.4,2289.8,208555.0,477163096.0
2020-11-30,2289.8,2361.2,2270.0,2360.0,326697.0,764699062.2
2020-12-01,2376.0,2395.2,2321.6,2373.0,164095.0,386698563.6
2020-12-02,2390.0,2489.0,2360.2,2445.8,218231.0,531160622.0
2020-12-03,2465.0,2473.2,2351.0,2368.2,329055.0,782749232.8
2020-12-04,2360.0,2447.6,2325.0,2440.0,152337.0,366807825.4
2020-12-07,2414.0,2451.0,2370.8,2387.0,185701.0,446504117.2
2020-12-08,2410.0,2410.0,2311.4,2357.0,167946.0,395239514.2
2020-12-09,2360.0,2503.6,2339.2,2456.6,282901.0,692776021.6
2020-12-10,2441.0,2493.8,2244.0,2271.6,457351.0,1073301911.4
2020-12-11,2297.0,2359.2,2235.4,2268.0,990735.0,2265336047.6
2020-12-14,2297.8,2330.0,2273.8,2308.4,303828.0,696491186.8
2020-12-15,2300.2,2398.6,2270.0,2383.8,248323.0,587545893.6
2020-12-16,2380.0,2448.4,2351.4,2423.0,280476.0,674839789.0
2020-12-17,2430.0,2479.0,2401.0,2446.0,346309.0,845963995.6
2020-12-18,2469.8,2469.8,2370.2,2430.0,223748.0,543926356.2
2020-12-21,2444.6,2451.8,2310.0,2382.2,296825.0,700220472.2
2020-12-22,2359.6,2420.0,2334.2,2376.4,180415.0,430580599.6
2020-12-23,2398.4,2398.4,2343.2,2366.4,73359.0,173799858.0
2020-12-24,2396.8,2396.8,2345.0,2355.0,65552.0,155175035.0
2020-12-25,2354.0,2362.6,2325.2,2343.2,61527.0,143898885.2
2020-12-28,2335.4,2370.0,2330.4,2365.2,90226.0,212777787.6
2020-12-29,2373.2,2399.0,2332.6,2360.2,136640.0,322022879.0
2020-12-30,2357.6,2406.0,2342.0,2360.4,150439.0,357422520.0
2021-01-04,2395.2,2515.8,2376.2,2473.0,301689.0,742670279.8
2021-01-05,2461.4,2514.0,2420.4,2454.0,229716.0,565992336.6
2021-01-06,2429.0,2499.0,2425.0,2469.8,213360.0,526621476.4
2021-01-08,2598.8,2954.8,2566.0,2925.0,796303.0,2240076201.0
2021-01-11,2900.0,3112.0,2855.2,2970.0,757138.0,2293889702.0
2021-01-12,3025.0,3025.0,2808.0,2912.2,426580.0,1238621756.6
2021-01-13,2919.8,2955.4,2844.8,2882.0,168401.0,483958705.0
2021-01-14,2880.0,3048.0,2858.4,3008.2,331592.0,986541662.2
2021-01-15,3005.0,3384.8,2980.6,3250.0,682276.0,2202730000.4
2021-01-18,3290.0,3564.0,3165.8,3449.8,912013.0,3118880112.4
2021-01-19,3456.6,3511.6,3203.0,3256.2,740127.0,2459951705.8
2021-01-20,3278.8,3367.0,3106.0,3171.4,952170.0,3040302948.4
2021-01-21,3170.0,3170.0,2935.0,3000.0,803687.0,2419059231.4
2021-01-22,2999.4,3105.0,2942.0,3065.0,543634.0,1646347173.8
2021-01-25,3088.4,3189.6,3012.0,3112.0,605314.0,1885912577.8
2021-01-26,3124.6,3140.0,3013.8,3049.8,573143.0,1757351222.4
2021-01-27,3051.0,3074.4,2952.0,3023.4,333554.0,1008620452.6
2021-01-28,2990.2,3085.2,2884.6,3053.2,329560.0,987224051.8
2021-01-29,3031.0,3145.0,3014.0,3090.8,438635.0,1355934373.2
2021-02-01,3090.6,3255.0,3060.2,3243.0,401945.0,1289839183.6
2021-02-02,3275.0,3304.6,3170.0,3223.6,297594.0,960094441.6
2021-02-03,3225.0,3248.4,3194.6,3223.4,167584.0,540553179.6
2021-02-04,3230.0,3250.0,3137.0,3199.2,256409.0,818490125.0
2021-02-05,3208.0,3278.6,3174.0,3254.8,252349.0,813649502.2
2021-02-08,3260.2,3409.6,3260.0,3400.0,394465.0,1317998839.6
2021-02-09,3429.6,3495.0,3300.2,3474.6,671002.0,2303194472.4
2021-02-10,3576.2,3691.0,3511.0,3594.6,1678973.0,6012118136.0
2021-02-11,3626.0,3628.0,3503.8,3530.6,495260.0,1759400810.8
2021-02-12,3492.8,3560.0,3458.8,3559.0,453712.0,1590730075.8
2021-02-15,3618.0,3674.8,3495.0,3598.0,638080.0,2286209149.2
2021-02-16,3599.8,3776.0,3543.2,3758.4,603436.0,2203427786.8
2021-02-17,3784.0,3973.0,3740.0,3900.0,1074578.0,4165805554.4
2021-02-18,3875.2,3995.0,3794.0,3841.0,1044965.0,4088639007.0
2021-02-19,3850.0,4094.8,3776.0,4060.0,1045897.0,4153519593.8
2021-02-20,4106.6,4256.8,4060.0,4249.0,236176.0,992913382.6
2021-02-22,4274.0,4433.2,4063.8,4192.0,1596665.0,6717858365.0
2021-02-24,4095.0,4095.0,3722.2,3825.0,1692143.0,6547829355.0
2021-02-25,3824.8,3970.2,3766.0,3899.8,1231953.0,4800292592.4
2021-02-26,3860.0,4030.0,3742.4,3857.0,6949597.0,26985431299.4
2021-03-01,3900.0,3930.0,3800.0,3888.0,341812.0,1324513259.8
2021-03-02,3888.0,3949.0,3800.2,3828.0,424858.0,1645372432.2
2021-03-03,3830.0,3876.0,3801.2,3820.8,452717.0,1739912100.0
2021-03-04,3821.0,3846.2,3636.0,3710.0,527189.0,1964593391.0
2021-03-05,3741.2,3911.8,3682.8,3805.0,443575.0,1683475821.2
2021-03-09,3760.0,3857.8,3676.4,3747.8,460268.0,1712757434.4
2021-03-10,3773.8,3879.2,3710.2,3755.4,426092.0,1611897331.2
2021-03-11,3780.0,3945.0,3615.8,3908.2,565411.0,2128275065.0
2021-03-12,3920.0,4342.2,3860.0,4309.8,845970.0,3515065728.6
2021-03-15,4415.0,4444.8,4251.0,4317.4,569061.0,2458688784.6
2021-03-16,4339.0,4625.0,4275.2,4513.6,809960.0,3633726085.4
2021-03-17,4553.0,4595.4,4380.4,4494.0,447204.0,2001484023.0
2021-03-18,4493.8,4559.4,4252.8,4280.2,449118.0,1979846561.6
2021-03-19,4299.8,4342.2,4201.0,4312.0,283645.0,1219968835.6
2021-03-22,4328.8,4460.0,4250.0,4425.0,178035.0,777962122.0
2021-03-23,4448.0,4448.0,4241.4,4269.4,200455.0,866497426.0
2021-03-24,4260.0,4360.0,4240.0,4289.6,197677.0,850897703.0
2021-03-25,4265.0,4360.6,4262.6,4339.8,109604.0,471705854.8
2021-03-26,4333.8,4456.8,4260.2,4337.8,228286.0,991678391.4
2021-03-29,4324.0,4366.4,4258.0,4329.2,93310.0,403593168.4
2021-03-30,4328.2,4589.0,4322.6,4475.2,350347.0,1574436190.6
2021-03-31,4515.0,4538.0,4382.0,4436.0,258126.0,1141665875.2
2021-04-01,4448.0,4615.0,4425.2,4568.8,372184.0,1696994544.6
2021-04-02,4596.0,4788.0,4521.2,4696.2,195689.0,913541221.0
2021-04-05,4737.6,4798.0,4654.2,4733.6,175280.0,830922481.4
2021-04-06,4730.0,4764.4,4629.2,4700.4,326965.0,1532749069.0
2021-04-07,4719.2,4721.0,4514.0,4590.8,401029.0,1854031246.6
2021-04-08,4591.0,4617.4,4516.2,4545.0,295408.0,1345457962.8
2021-04-09,4523.6,4675.4,4518.0,4558.8,236500.0,1085238230.4
2021-04-12,4550.2,4595.0,4470.0,4560.0,218543.0,992106033.6
2021-04-13,4560.0,4600.0,4363.6,4450.0,423960.0,1900422884.0
2021-04-14,4448.0,4448.0,4320.0,4375.2,314684.0,1374893608.4
2021-04-15,4388.0,4422.6,4301.2,4354.8,220624.0,962360205.4
2021-04-16,4379.0,4643.0,4312.4,4588.8,339829.0,1530029741.2
2021-04-19,4611.2,4648.0,4509.6,4560.6,179507.0,819810526.8
2021-04-20,4560.0,4648.2,4350.0,4425.4,467516.0,2082315207.6
2021-04-21,4424.6,4425.0,4248.2,4354.8,516389.0,2230424975.6
2021-04-22,4354.0,4474.0,4277.0,4379.0,347007.0,1530387438.4
2021-04-23,4378.0,4521.8,4363.0,4463.2,260612.0,1159417439.2
2021-04-26,4485.6,4555.4,4380.0,4523.8,204014.0,913912321.6
2021-04-27,4506.2,4584.6,4461.0,4477.0,264182.0,1192450317.4
2021-04-28,4475.4,4504.2,4345.0,4420.0,286951.0,1260626124.8
2021-04-29,4420.0,4480.0,4254.0,4319.0,310042.0,1342706548.6
2021-04-30,4327.8,4440.0,4260.0,4361.4,304558.0,1322225112.8
2021-05-04,4391.0,4446.0,4310.0,4444.0,236378.0,1037575899.6
2021-05-05,4450.2,4470.0,4405.0,4454.8,149750.0,664768702.0
2021-05-06,4465.2,4520.0,4392.2,4512.0,205102.0,919056115.4
2021-05-07,4537.2,4548.0,4454.2,4523.8,152949.0,689384647.4
2021-05-10,4500.0,4930.0,4500.0,4827.4,509746.0,2442396600.2
2021-05-11,4807.2,4878.0,4685.8,4845.6,294904.0,1413256969.8
2021-05-12,4846.0,4871.8,4635.2,4657.4,365541.0,1724655302.0
2021-05-13,4670.0,4767.4,4584.6,4727.6,201290.0,943352303.0
2021-05-14,4727.6,4756.8,4580.0,4610.0,131248.0,612449956.0
2021-05-17,4601.0,4626.4,4500.6,4593.2,171310.0,778355132.6
2021-05-18,4593.2,4675.8,4565.4,4636.8,175719.0,813530112.0
2021-05-19,4669.2,4692.6,4515.6,4575.8,216115.0,986222636.6
2021-05-20,4543.4,4683.0,4481.0,4645.0,236994.0,1087129266.0
2021-05-21,4678.0,4769.8,4654.4,4730.2,189660.0,896362277.2
2021-05-24,4738.0,4779.8,4730.0,4756.0,114163.0,543361404.2
2021-05-25,4742.0,4820.0,4742.0,4809.2,141906.0,679652415.6
2021-05-26,4796.0,5137.0,4795.0,5097.8,359780.0,1800923471.2
2021-05-27,5108.4,5669.8,5084.4,5512.0,1161638.0,6368873869.2
2021-05-28,5540.0,5574.0,5422.2,5491.0,523518.0,2883340487.2
2021-05-31,5539.8,5672.2,5439.2,5512.6,161762.0,891316736.6
2021-06-01,5549.8,5605.4,5432.4,5472.2,335803.0,1857314568.8
2021-06-02,5436.0,5505.0,5123.0,5315.0,708304.0,3709353545.8
2021-06-03,5350.0,5374.8,5110.0,5183.0,381394.0,1977496477.0
2021-06-04,5200.0,5328.0,4986.2,5308.4,584244.0,3019877216.0
2021-06-07,5316.8,5365.0,5162.4,5230.0,233027.0,1216714324.8
2021-06-08,5194.2,5273.6,5115.0,5160.0,152553.0,789073615.8
2021-06-09,5180.0,5300.0,5164.4,5300.0,194875.0,1021556036.0
2021-06-10,5298.0,5375.0,5234.6,5329.0,201007.0,1071217728.2
2021-06-11,5349.0,5806.2,5313.4,5723.0,515488.0,2891308491.8
2021-06-14,5700.0,5846.4,5625.0,5732.2,301860.0,1727498599.0
2021-06-15,5736.4,5769.2,5501.2,5532.2,289084.0,1628128679.8
2021-06-16,5532.2,5566.2,5402.0,5458.2,243286.0,1329388556.0
2021-06-17,5470.0,5480.0,5354.0,5440.0,294156.0,1591384259.0
2021-06-18,5476.0,5766.0,5446.0,5716.8,618247.0,3511814318.2
2021-06-21,5745.0,5773.4,5672.2,5728.6,192577.0,1102227417.8
2021-06-22,5726.2,5857.0,5641.6,5808.0,208287.0,1199766905.6
2021-06-23,5844.0,5971.6,5703.0,5889.0,263798.0,1531855366.0
2021-06-24,5911.0,6250.0,5877.0,6135.4,440143.0,2688413613.2
2021-06-25,6096.2,6163.8,6013.6,6124.4,246728.0,1504119114.6
2021-06-28,6136.0,6317.8,6075.4,6174.8,359981.0,2231588851.0
2021-06-29,6175.0,6265.0,6161.0,6210.0,185896.0,1156419665.6
2021-06-30,6170.0,6479.0,6170.0,6421.0,350046.0,2226965598.2
2021-07-01,6439.4,6439.4,6271.0,6347.0,249459.0,1581958230.2
2021-07-02,6302.0,6443.2,6300.8,6383.2,234661.0,1499223971.0
2021-07-05,6383.2,6644.0,6383.2,6630.0,226117.0,1473905819.2
2021-07-06,6640.0,6991.0,6567.2,6762.2,659016.0,4496769480.6
2021-07-07,6753.0,6891.0,6621.0,6680.6,315656.0,2133467263.0
2021-07-08,6719.4,6719.4,6551.2,6673.0,237212.0,1574458034.2
2021-07-09,6694.8,6720.6,6568.2,6625.0,178080.0,1179873239.6
2021-07-12,6657.4,6802.6,6626.8,6796.6,250574.0,1683910275.4
2021-07-13,6810.0,6828.0,6455.0,6527.4,392331.0,2574282789.6
2021-07-14,6519.4,6539.8,6112.4,6306.0,551866.0,3464954715.2
2021-07-15,6306.0,6460.0,6187.0,6393.0,212702.0,1348702178.4
2021-07-16,6397.2,6591.0,6330.2,6412.0,342804.0,2217271065.8
2021-07-19,6400.0,6495.0,6250.0,6379.0,211254.0,1345266909.6
2021-07-20,6414.8,6467.0,6325.0,6410.2,159746.0,1022528669.4
2021-07-21,6430.4,6565.0,6410.4,6480.0,195945.0,1273215597.4
2021-07-22,6518.0,6570.0,6406.8,6519.0,173779.0,1128711538.0
2021-07-23,6525.0,6557.8,6461.4,6523.2,129989.0,846507811.8
2021-07-26,6519.0,6666.0,6420.0,6660.0,185216.0,1215718876.2
2021-07-27,6660.0,6768.0,6356.0,6474.8,255084.0,1656700448.2
2021-07-28,6455.0,6492.0,6218.4,6314.0,207578.0,1311915675.4
2021-07-29,6314.0,6400.0,6250.0,6357.0,345230.0,2188338622.6
2021-07-30,6364.4,6368.0,5970.0,6113.8,367428.0,2252855512.6
2021-08-02,6100.0,6255.0,6025.0,6169.8,228192.0,1406063409.0
2021-08-03,6150.0,6449.2,6127.0,6416.6,273241.0,1735047942.6
2021-08-04,6420.0,6577.0,6382.0,6544.2,255807.0,1665667275.4
2021-08-05,6569.0,6761.8,6524.6,6747.2,338000.0,2257859539.6
2021-08-06,6760.0,6875.0,6674.0,6749.0,306071.0,2081651275.6
2021-08-09,6750.0,6983.2,6702.0,6925.0,305597.0,2109924264.0
2021-08-10,6940.0,7104.6,6923.4,7062.2,306836.0,2160098013.8
2021-08-11,7050.0,7095.8,6951.4,7027.0,212385.0,1495156718.2
2021-08-12,7032.0,7084.0,6961.4,7025.2,186610.0,1308143567.8
2021-08-13,7016.0,7059.8,6988.8,7047.0,85186.0,599501181.0
2021-08-16,7069.0,7249.0,7029.0,7213.6,266022.0,1910193224.8
2021-08-17,7223.0,7436.0,7188.0,7433.8,339416.0,2494022266.6
2021-08-18,7468.8,7499.0,7120.0,7213.0,382802.0,2785388771.6
2021-08-19,7186.2,7329.6,6843.4,6983.4,436465.0,3069729474.4
2021-08-20,7023.2,7080.0,6771.8,6844.4,288381.0,1987273544.8
2021-08-23,6897.0,7056.0,6874.4,7003.2,207031.0,1443979902.2
2021-08-24,7043.2,7083.4,6906.2,7029.0,216198.0,1511170609.8
2021-08-25,7001.8,7130.0,6964.2,7005.4,156162.0,1095997697.4
2021-08-26,7034.4,7065.0,6666.0,6807.0,385875.0,2636153433.4
2021-08-27,6830.4,6830.4,6475.6,6633.0,532547.0,3512300963.0
2021-08-30,6667.6,6725.0,6564.6,6600.8,238844.0,1581757372.2
2021-08-31,6580.0,6631.4,6416.0,6452.2,481353.0,3131867597.4
2021-09-01,6453.0,6926.8,6453.0,6889.4,537291.0,3617694414.6
2021-09-02,6890.0,7021.2,6716.0,6986.0,503352.0,3486805821.0
2021-09-03,6980.0,7072.2,6890.6,6999.4,500939.0,3501865632.8
2021-09-06,7039.6,7083.4,6863.6,6961.2,276962.0,1928829444.6
2021-09-07,6999.6,7037.0,6863.2,6897.0,235811.0,1633039494.6
2021-09-08,6940.0,6940.0,6660.4,6702.8,336071.0,2270563877.0
2021-09-09,6696.0,6854.0,6578.4,6752.2,320668.0,2156349932.4
2021-09-10,6792.6,6880.6,6739.4,6803.2,199298.0,1359093552.8
2021-09-13,6850.0,6856.0,6642.4,6794.0,268196.0,1803973704.2
2021-09-14,6800.0,6830.0,6530.0,6637.2,271043.0,1801425281.2
2021-09-15,6666.8,6679.8,6412.0,6486.8,379944.0,2464265112.0
2021-09-16,6497.0,6634.0,6369.0,6553.0,484402.0,3147308378.4
2021-09-17,6550.2,6800.0,6550.0,6740.0,381207.0,2566450088.6
2021-09-20,6750.0,6827.2,6560.2,6725.0,281910.0,1892320853.2
2021-09-21,6747.6,6750.0,6590.2,6687.0,225805.0,1508928989.6
2021-09-22,6680.0,6778.4,6631.0,6681.0,206867.0,1385196062.4
2021-09-23,6733.4,6737.8,6643.4,6693.0,91514.0,610771906.6
2021-09-24,6715.2,6721.4,6505.8,6565.0,176677.0,1163507902.2
2021-09-27,6599.0,6614.2,6402.8,6449.4,242396.0,1563790115.6
2021-09-28,6468.0,6471.0,6170.0,6197.2,363340.0,2273137625.4
2021-09-29,6173.0,6423.8,6173.0,6402.0,256951.0,1629898099.0
2021-09-30,6404.0,6689.0,6332.0,6628.4,435227.0,2842460081.6
2021-10-01,6654.0,6822.0,6572.2,6778.6,390888.0,2639357685.0
2021-10-04,6788.0,6943.0,6650.0,6667.2,425388.0,2910517467.4
2021-10-05,6690.0,6884.8,6660.0,6835.0,295811.0,2010144593.2
2021-10-06,6890.0,7011.2,6783.8,6986.2,509511.0,3524162629.8
2021-10-07,7000.0,7236.0,6996.0,7140.0,410182.0,2937987588.0
2021-10-08,7158.0,7244.4,7063.2,7155.0,272129.0,1943340943.8
2021-10-11,7170.0,7225.0,7051.0,7206.0,226788.0,1622809130.6
2021-10-12,7197.8,7361.0,7132.8,7331.4,332119.0,2415148197.8
2021-10-13,7360.0,7677.6,7290.0,7610.4,720126.0,5428150434.0
2021-10-14,7644.0,7924.6,7542.2,7767.6,550164.0,4298501666.2
2021-10-15,7820.0,7893.8,7678.6,7820.2,248436.0,1936824392.4
2021-10-18,7849.8,7945.2,7700.2,7724.0,293825.0,2297164933.0
2021-10-19,7728.0,7836.6,7485.2,7805.0,281265.0,2159310163.8
2021-10-20,7847.8,7944.0,7770.0,7824.4,322987.0,2538267293.0
2021-10-21,7858.2,7924.2,7815.2,7853.0,194664.0,1532087373.2
2021-10-22,7860.6,7909.8,7642.4,7660.0,180086.0,1397500980.2
2021-10-25,7660.0,7754.0,7500.0,7600.0,201947.0,1531314566.2
2021-10-26,7648.8,7648.8,7300.0,7310.2,272759.0,2019121668.2
2021-10-27,7347.8,7449.2,7067.0,7268.0,400781.0,2895488662.6
2021-10-28,7268.0,7420.0,7208.0,7396.8,301508.0,2203415602.6
2021-10-29,7469.0,7469.0,7185.4,7310.0,216205.0,1572932926.0
2021-11-01,7324.8,7816.0,7304.2,7790.8,413397.0,3153231989.6
2021-11-02,7824.8,7970.0,7700.0,7867.0,318535.0,2503161415.4
2021-11-03,7899.0,7944.0,7702.0,7852.8,211376.0,1658123414.6
2021-11-05,7900.0,8040.2,7760.0,8025.0,281551.0,2232180239.2
2021-11-08,8005.0,8518.4,8005.0,8345.0,508184.0,4239582271.0
2021-11-09,8400.0,8474.2,7876.6,7983.6,398134.0,3222053333.0
2021-11-10,7983.6,8180.0,7605.0,7654.2,538750.0,4204543305.2
2021-11-11,7670.0,7780.0,7312.0,7508.0,760772.0,5684813877.0
2021-11-12,7559.0,7559.0,7230.0,7334.0,421715.0,3087259244.4
2021-11-15,7335.0,7681.8,7335.0,7422.6,660268.0,4966947187.0
2021-11-16,7465.0,7541.8,7142.4,7395.6,533297.0,3892540386.0
2021-11-17,7450.0,7450.0,7217.0,7242.2,447986.0,3267454210.6
2021-11-18,7225.0,7460.0,7150.0,7382.0,370294.0,2718068558.8
2021-11-19,7420.0,7480.0,7032.2,7094.4,517134.0,3716114633.0
2021-11-22,7075.0,7150.0,6537.6,6615.8,869728.0,5847476550.8
2021-11-23,6600.0,7050.0,6308.2,7048.0,1189752.0,7984221602.4
2021-11-24,7071.0,7355.8,6827.0,6888.0,864511.0,6119887738.6
2021-11-25,6935.2,7324.6,6903.6,7262.0,573417.0,4108877887.4
2021-11-26,7000.0,7150.0,6780.2,6811.0,556612.0,3833601362.4
2021-11-29,6950.0,7098.8,6814.2,6938.2,437626.0,3032589541.4
2021-11-30,6741.0,7245.0,6529.0,7114.0,976949.0,6909031761.4
2021-12-01,7255.4,7542.2,7175.0,7358.0,789456.0,5832312844.2
2021-12-02,7477.0,7519.6,7175.4,7222.0,366240.0,2669806104.8
2021-12-03,7271.0,7405.0,7220.0,7307.6,341407.0,2494296519.2
2021-12-06,7351.8,7407.6,6629.4,6679.0,612947.0,4187375072.0
2021-12-07,6659.0,6913.0,6315.0,6563.0,992197.0,6467142427.2
2021-12-08,6599.8,6750.0,6141.0,6245.4,829891.0,5292636373.0
2021-12-09,6212.0,6523.0,6020.0,6322.4,671399.0,4253973399.0
2021-12-10,6360.0,6392.0,6113.2,6310.2,432562.0,2702681291.4
2021-12-13,6330.0,6444.8,5870.0,5919.8,730857.0,4448783121.4
2021-12-14,5890.0,6047.8,5400.6,5970.0,663534.0,3884890819.8
2021-12-15,5982.4,6186.0,5866.0,6140.2,349957.0,2104189650.2
2021-12-16,6170.0,6300.0,5980.0,6112.6,768513.0,4716700508.0
2021-12-17,6149.4,6186.2,6020.0,6119.0,355210.0,2164375041.6
2021-12-20,6097.8,6138.8,5830.0,6006.2,277105.0,1656248089.8
2021-12-21,6014.0,6274.0,5985.0,6105.0,430628.0,2639910704.4
2021-12-22,6129.8,6159.8,5960.0,5960.0,365017.0,2207395081.6
2021-12-23,5965.0,6035.0,5870.0,5972.8,241220.0,1437720819.8
2021-12-24,5989.4,6030.0,5855.0,5991.8,164133.0,977338401.6
2021-12-27,5991.6,6095.8,5926.4,6013.2,190714.0,1143044344.8
2021-12-28,6013.2,6209.8,5953.0,6099.0,286365.0,1740823140.2
2021-12-29,6099.8,6146.0,5880.0,5960.8,345231.0,2064155521.2
2021-12-30,5940.0,6162.6,5902.6,6118.0,406761.0,2458344348.8
2022-01-03,6148.0,6382.4,6112.4,6364.4,249579.0,1575572062.0
2022-01-04,6400.0,6480.8,6202.0,6264.6,407072.0,2575114416.0
2022-01-05,6279.6,6280.0,5805.0,5805.0,392145.0,2369927300.6
2022-01-06,5810.0,5984.8,5712.4,5801.6,535256.0,3123649980.2
2022-01-10,5760.0,5902.0,5737.0,5830.0,315683.0,1840355383.0
2022-01-11,5839.0,6027.4,5794.6,5945.0,358097.0,2120535486.0
2022-01-12,5960.0,6222.4,5893.0,6192.8,471800.0,2869226720.6
2022-01-13,6192.0,6240.0,5666.0,5832.8,911428.0,5460636148.4
2022-01-14,5832.6,5926.2,5299.6,5509.8,1474537.0,8053372729.2
2022-01-17,5520.0,5625.0,5045.4,5295.0,1151079.0,6018174545.0
2022-01-18,5307.0,5307.8,4636.8,4720.0,1501990.0,7364125698.2
2022-01-19,4733.0,4952.0,4403.6,4650.0,2267661.0,10739283285.4
2022-01-20,4650.0,5016.0,4511.8,4822.8,1177128.0,5642350361.8
2022-01-21,4819.0,4989.6,4720.0,4828.0,724572.0,3515317052.2
2022-01-24,4826.0,4960.0,4390.0,4600.0,1050611.0,4771059540.0
2022-01-25,4615.0,5013.0,4486.0,4952.0,1229372.0,5921736829.6
2022-01-26,4980.0,5247.0,4773.0,5089.8,1168547.0,5929510152.0
2022-01-27,5080.0,5524.8,4962.4,5400.0,1296311.0,6938560794.6
2022-01-28,5440.0,5749.6,5329.0,5421.2,1209488.0,6736901006.8
2022-01-31,5477.0,5649.8,5465.0,5587.0,631402.0,3510443831.0
2022-02-01,5590.0,5718.0,5525.0,5665.0,702711.0,3961907126.5
2022-02-02,5680.0,5717.5,5470.5,5554.0,555374.0,3099672501.0
2022-02-03,5503.5,5565.0,5117.5,5235.0,663005.0,3484342223.0
2022-02-04,5271.5,5396.5,5082.5,5184.5,548835.0,2873583880.0
2022-02-07,5209.5,5262.0,4973.0,5005.0,389571.0,1976955580.5
2022-02-08,5035.0,5095.0,4879.5,5067.5,600682.0,2985821354.5
2022-02-09,5067.0,5741.0,5035.0,5698.0,1505127.0,8184348721.5
2022-02-10,5702.0,6058.0,5442.0,5846.5,1726909.0,10152382731.5
2022-02-11,5810.0,5958.0,5309.0,5314.5,1624033.0,9068672024.5
2022-02-14,5260.0,5498.0,4920.0,5223.0,1635481.0,8581640156.5
2022-02-15,5235.5,5645.0,5232.0,5519.5,1798498.0,9816618331.5
2022-02-16,5550.0,5690.0,5355.0,5488.5,1452047.0,7971238410.0
2022-02-17,5490.0,5497.5,5108.0,5147.0,1120506.0,5849979730.5
2022-02-18,5151.0,5294.0,4663.5,4821.5,1519233.0,7498332237.5
2022-02-21,4850.0,5110.0,4351.0,4475.0,2862648.0,13222474510.0
2022-02-22,4400.0,4615.5,4007.5,4488.5,2787301.0,11945876024.5
2022-02-24,4059.5,4059.5,1732.5,3039.5,2692930.0,6990768895.5
2022-02-25,2664.0,3852.5,2559.0,3054.5,2804947.0,8690252805.0
2022-03-29,3140.0,3649.5,2867.5,2990.0,771383.0,2445270165.5
2022-03-30,3100.0,3180.0,2900.5,2980.0,362139.0,1088364950.0
2022-03-31,3002.0,3393.5,2930.0,3318.5,742478.0,2358170840.5
2022-04-01,3350.0,3678.0,3331.5,3499.5,763964.0,2688615324.0
2022-04-04,3600.0,3812.0,3312.5,3664.0,661394.0,2359466232.5
2022-04-05,3748.5,3791.0,3360.0,3601.0,492910.0,1786410093.0
2022-04-06,3605.0,3623.0,3430.0,3500.0,243495.0,858545756.5
2022-04-07,3505.0,3594.5,3450.0,3470.0,226810.0,800342230.5
2022-04-08,3460.0,3548.0,3151.0,3274.5,322991.0,1083375441.0
2022-04-11,3280.0,3434.5,3215.0,3269.0,165822.0,551912064.5
2022-04-12,3279.0,3309.0,3062.5,3217.0,178575.0,561525207.0
2022-04-13,3260.0,3260.0,3139.0,3172.0,91974.0,293600020.5
2022-04-14,3200.0,3200.0,2985.0,3010.0,199860.0,616233050.5
2022-04-15,3009.0,3030.0,2901.0,2993.0,138519.0,410726173.0
2022-04-18,3002.0,3069.0,2710.0,2722.0,250731.0,714181101.0
2022-04-19,2731.0,2731.0,2350.5,2540.0,635173.0,1591729135.5
2022-04-20,2506.0,2775.0,2424.0,2590.0,442030.0,1147239341.5
2022-04-21,2595.0,2648.0,2455.5,2485.0,204087.0,521833192.0
2022-04-22,2519.5,2560.0,2260.0,2270.0,320227.0,767582590.0
2022-04-25,2185.0,2228.5,1908.0,1908.0,458348.0,940589990.0
2022-04-26,1880.0,2138.0,1870.0,2073.0,424633.0,868506721.0
2022-04-27,2092.5,2690.5,2030.0,2520.0,778716.0,1811688110.0
2022-04-28,2554.5,2950.0,2500.0,2700.0,1268080.0,3425254120.5
2022-04-29,2965.0,3030.0,2557.0,2608.0,628679.0,1703351772.0
2022-05-04,2558.0,2666.5,2391.0,2402.0,358736.0,896164367.5
2022-05-05,2420.0,2533.0,2405.5,2453.0,258831.0,639944161.0
2022-05-06,2497.5,2497.5,2257.5,2304.0,270586.0,633693258.5
2022-05-11,2304.0,2349.0,2187.0,2245.5,221358.0,503054761.0
2022-05-12,2249.5,2259.0,2013.5,2032.0,250238.0,527234745.0
2022-05-13,2052.0,2183.0,2045.0,2130.0,254467.0,539185387.0
2022-05-16,2147.0,2229.0,2133.0,2185.0,202575.0,440663822.5
2022-05-17,2247.5,2380.0,2190.5,2380.0,246823.0,556193684.0
2022-05-18,2432.0,2549.5,2360.0,2402.0,475508.0,1167124712.5
2022-05-19,2400.0,2400.0,2205.0,2236.5,325695.0,739600970.5
2022-05-20,2238.0,2305.0,2142.0,2194.0,257861.0,569710827.0
2022-05-23,2225.0,2240.0,2105.0,2129.0,153364.0,330733250.5
2022-05-24,2110.0,2225.5,2041.0,2146.5,244100.0,517975512.5
2022-05-25,2150.0,2180.0,2088.0,2155.5,203901.0,435835266.0
2022-05-26,2160.0,2245.0,2160.0,2220.5,262885.0,580265549.5
2022-05-27,2232.0,2247.5,2161.0,2201.0,182580.0,403631308.0
2022-05-30,2212.0,2234.0,2148.0,2164.0,171992.0,375685961.0
2022-05-31,2150.0,2162.0,2085.5,2111.5,121597.0,258094100.5
2022-06-01,2112.0,2158.0,2075.0,2110.5,114220.0,242940562.5
2022-06-02,2128.5,2128.5,2086.5,2105.0,73102.0,154084583.0
2022-06-03,2112.0,2123.5,2000.0,2018.0,154741.0,317758486.0
2022-06-06,2010.0,2010.0,1853.0,1900.0,259637.0,499306453.0
2022-06-07,1900.0,1913.0,1800.0,1859.5,239290.0,439845301.0
2022-06-08,1879.0,1944.5,1867.0,1886.0,178277.0,340198429.5
2022-06-09,1888.5,1896.0,1747.5,1777.0,281908.0,505386276.0
2022-06-10,1777.0,1780.0,1690.5,1701.0,242283.0,419828866.0
2022-06-14,1690.0,1690.0,1593.0,1597.0,288914.0,471210406.0
2022-06-15,1589.0,1669.5,1580.0,1651.5,193735.0,317413962.5
2022-06-16,1678.0,1740.0,1661.0,1737.0,201374.0,344701392.5
2022-06-17,1749.5,1794.5,1655.0,1676.0,232791.0,398630044.0
2022-06-20,1676.5,1734.0,1671.0,1725.0,218670.0,371580526.5
2022-06-21,1740.0,1765.0,1668.5,1673.0,169458.0,289760761.0
2022-06-22,1680.0,1680.0,1621.0,1649.0,121267.0,199099390.0
2022-06-23,1659.0,1690.5,1620.5,1654.5,166657.0,276030757.0
2022-06-24,1655.5,1662.5,1621.0,1635.0,96328.0,157373807.5
2022-06-27,1630.0,1674.0,1623.0,1672.0,121852.0,201541106.5
2022-06-28,1695.0,1934.5,1661.0,1927.0,503868.0,898733115.0
2022-06-29,1930.0,1949.0,1751.5,1810.0,477856.0,875236720.5
2022-06-30,1805.5,1818.5,1675.0,1804.0,337016.0,590179899.5
2022-07-01,1795.0,1877.0,1731.5,1861.0,148102.0,271531715.5
2022-07-04,1870.0,2020.0,1867.0,2012.0,293749.0,571290450.5
2022-07-05,1980.0,2095.0,1980.0,2039.0,321610.0,657051961.0
2022-07-06,2073.0,2149.5,2052.5,2100.0,226331.0,477794905.5
2022-07-07,2100.5,2135.0,2014.0,2031.0,121199.0,250009240.0
2022-07-08,2053.0,2053.0,1957.0,2013.0,115447.0,230138968.0
2022-07-11,2021.0,2090.5,1970.0,1980.0,159035.0,321316299.5
2022-07-12,1975.0,1994.0,1892.0,1943.5,117867.0,226944485.0
2022-07-13,1949.5,1987.0,1863.0,1895.0,150571.0,289191681.5
2022-07-14,1902.0,1932.5,1865.0,1879.5,81359.0,154498902.0
2022-07-15,1873.5,1909.0,1845.0,1901.5,117788.0,220722338.0
2022-07-18,1935.0,1935.0,1850.0,1876.0,123745.0,233041048.0
2022-07-19,1876.0,1876.0,1800.0,1813.5,85325.0,155697412.5
2022-07-20,1815.5,1845.0,1756.0,1771.0,136217.0,245454726.5
2022-07-21,1771.0,1786.5,1704.5,1759.0,107381.0,187591043.0
2022-07-22,1761.0,1891.0,1760.0,1854.0,225556.0,415742238.0
2022-07-25,1876.0,1969.5,1857.0,1969.5,206901.0,396255453.0
2022-07-26,1990.0,2038.5,1930.0,1994.5,251050.0,498424161.5
2022-07-27,2022.5,2022.5,1928.0,1963.0,157744.0,311583255.5
2022-07-28,1985.0,1987.0,1930.5,1947.5,100804.0,196660886.5
2022-07-29,1948.0,1993.0,1931.5,1950.0,98970.0,194704697.0
2022-08-01,1959.0,1959.0,1865.0,1884.5,130864.0,248728048.0
2022-08-02,1850.0,1906.5,1807.5,1810.0,134778.0,249484409.5
2022-08-03,1813.0,1886.0,1813.0,1836.0,104562.0,193896941.0
2022-08-04,1848.0,1878.0,1827.5,1869.5,82854.0,153378478.0
2022-08-05,1874.0,1940.0,1840.0,1859.0,169459.0,318002027.0
2022-08-08,1940.0,1940.0,1878.0,1891.5,99828.0,189577830.5
2022-08-09,1919.5,1919.5,1883.5,1917.5,84269.0,160461076.5
2022-08-10,1942.0,2050.0,1925.0,2045.0,296984.0,592859223.5
2022-08-11,2065.0,2172.0,2061.5,2149.5,440828.0,936534935.0
2022-08-12,2169.0,2280.0,2080.0,2230.0,364594.0,800886171.5
2022-08-15,2250.0,2290.0,2180.0,2252.0,253736.0,568787837.5
2022-08-16,2253.0,2440.0,2253.0,2415.5,360890.0,846796367.0
2022-08-17,2420.0,2555.0,2411.5,2430.5,615232.0,1531444775.5
2022-08-18,2440.0,2504.0,2420.0,2480.0,258785.0,634272043.0
2022-08-19,2480.5,2700.0,2454.5,2700.0,588102.0,1526048653.5
2022-08-22,2720.0,2895.5,2552.5,2720.0,1279967.0,3506474885.0
2022-08-23,2720.0,2800.0,2604.0,2717.0,459010.0,1228583524.5
2022-08-24,2750.0,2799.0,2555.0,2579.5,973007.0,2604288598.0
2022-08-25,2549.0,2677.0,2453.0,2626.0,424089.0,1101611783.0
2022-08-26,2650.0,2658.0,2590.0,2630.0,122484.0,321225682.0
2022-08-29,2627.5,2723.0,2612.0,2715.0,238994.0,643973916.0
2022-08-30,2730.0,2790.0,2684.0,2688.5,392641.0,1071572508.5
2022-08-31,2689.0,2750.0,2642.0,2712.5,202561.0,549242567.5
2022-09-01,2730.0,2750.0,2705.5,2738.5,145096.0,396440900.0
2022-09-02,2748.5,2810.0,2733.0,2766.5,185242.0,512834168.0
2022-09-05,2770.0,2783.0,2710.5,2754.0,103410.0,283934247.0
2022-09-06,2774.0,2774.0,2490.0,2670.0,325101.0,858900900.0
2022-09-07,2690.0,2736.0,2594.0,2714.0,172725.0,462659714.5
2022-09-08,2721.0,2876.5,2680.0,2768.5,615342.0,1721056608.5
2022-09-09,2765.0,2820.5,2722.5,2787.0,185922.0,518923124.0
2022-09-12,2799.0,2965.0,2799.0,2950.0,548047.0,1581108924.0
2022-09-13,2980.0,3050.0,2954.5,3010.0,588777.0,1772741536.0
2022-09-14,3024.0,3024.5,2868.0,2994.0,369789.0,1088226171.5
2022-09-15,3015.0,3050.0,2979.5,3030.5,241095.0,727643929.5
2022-09-16,3041.0,3150.0,2594.0,3106.0,538230.0,1666134410.0
2022-09-19,3110.0,3192.0,3110.0,3188.0,293267.0,926303886.5
2022-09-20,3223.5,3240.5,2602.0,2781.0,1348550.0,3942381817.0
2022-09-21,2509.5,2755.0,2271.5,2662.5,672570.0,1762329777.0
2022-09-22,2662.0,2910.5,2662.0,2790.0,504814.0,1417700053.5
2022-09-23,2830.0,2838.0,2490.0,2552.0,484062.0,1274823406.5
2022-09-26,2500.0,2500.0,2105.0,2105.0,671776.0,1535829824.5
2022-09-27,2160.0,2466.0,2160.0,2413.0,625115.0,1444469782.0
2022-09-28,2418.0,2525.0,2331.5,2395.0,434421.0,1057376323.0
2022-09-29,2425.0,2465.5,2255.5,2291.0,391174.0,915178151.5
2022-09-30,2309.0,2420.0,2117.0,2374.0,562307.0,1277742517.0
2022-10-03,2412.0,2637.5,2390.5,2636.0,515645.0,1293983869.0
2022-10-04,2666.0,2700.0,2536.0,2640.0,500778.0,1314836337.5
2022-10-05,2650.0,2650.0,2430.0,2557.0,425263.0,1080054117.5
2022-10-06,2569.5,2666.0,2454.0,2523.0,510763.0,1306044840.5
2022-10-07,2525.0,2525.0,2301.0,2372.5,373282.0,904554373.5
2022-10-10,2192.0,2490.0,2192.0,2483.5,416118.0,1005504634.0
2022-10-11,2491.5,2526.5,2451.0,2496.0,229249.0,571069801.5
2022-10-12,2527.5,2544.5,2466.0,2504.0,176581.0,441848414.5
2022-10-13,2510.0,2630.0,2492.5,2604.5,397627.0,1023884315.0
2022-10-14,2620.0,2637.5,2506.0,2568.5,262072.0,672032621.0
2022-10-17,2599.0,2709.0,2574.0,2702.0,364646.0,963218758.5
2022-10-18,2710.0,2759.0,2600.5,2625.0,399106.0,1072548141.0
2022-10-19,2601.0,2635.0,2530.5,2609.0,300449.0,775743166.0
2022-10-20,2619.0,2647.0,2466.5,2503.0,671123.0,1709868794.5
2022-10-21,2513.0,2513.0,2374.5,2459.0,749887.0,1818877647.0
2022-10-24,2473.5,2534.5,2414.5,2467.0,334080.0,827198458.5
2022-10-25,2477.5,2550.0,2442.0,2520.0,421821.0,1053305633.5
2022-10-26,2520.0,2543.0,2460.0,2500.0,289755.0,725182632.5
2022-10-27,2507.0,2520.0,2482.0,2497.0,262411.0,656587460.5
2022-10-28,2497.0,2506.5,2468.0,2503.0,172662.0,430643047.0
2022-10-31,2521.0,2630.0,2510.5,2620.0,506363.0,1304356147.0
2022-11-01,2633.0,2657.5,2531.0,2614.0,558182.0,1450501859.0
2022-11-02,2619.5,2628.0,2501.5,2536.0,283727.0,731386990.5
2022-11-03,2538.0,2569.5,2490.0,2519.0,257326.0,648117388.0
2022-11-07,2560.0,2608.0,2528.5,2600.0,249784.0,643371608.0
2022-11-08,2603.0,2620.0,2551.0,2598.5,362911.0,939578252.0
2022-11-09,2592.0,2615.5,2450.0,2520.5,355018.0,910851717.5
2022-11-10,2540.0,2689.0,2530.0,2672.0,785682.0,2066240000.5
2022-11-11,2679.5,2708.0,2610.0,2676.0,486443.0,1295623595.0
2022-11-14,2691.0,2799.0,2682.0,2789.5,521172.0,1433857351.0
2022-11-15,2800.0,2800.0,2550.5,2668.5,869665.0,2354698372.5
2022-11-16,2702.0,2768.5,2680.0,2746.5,391005.0,1070100888.5
2022-11-17,2753.0,2785.0,2745.0,2783.0,303154.0,839686127.5
2022-11-18,2791.0,2829.5,2775.0,2818.0,395977.0,1112744784.5
2022-11-21,2835.0,2855.5,2710.5,2798.0,583072.0,1629787974.0
2022-11-22,2805.0,2824.0,2770.5,2798.5,313141.0,876544543.5
2022-11-23,2816.0,2818.0,2662.0,2728.5,669099.0,1828040005.0
2022-11-24,2735.0,2765.0,2714.5,2725.5,217897.0,597257039.5
2022-11-25,2725.5,2731.5,2671.0,2691.5,217961.0,587661386.0
2022-11-28,2672.0,2682.0,2631.0,2645.0,204507.0,543078804.0
2022-11-29,2669.0,2699.5,2648.0,2692.0,109790.0,293060952.0
2022-11-30,2699.0,2733.5,2670.0,2723.0,153187.0,415386830.5
2022-12-01,2733.5,2736.0,2682.0,2705.0,109946.0,298113789.0
2022-12-02,2705.0,2706.0,2665.5,2681.5,84084.0,225875810.5
2022-12-05,2681.0,2750.0,2667.5,2719.0,235446.0,640726596.0
2022-12-06,2733.5,2737.0,2609.5,2633.0,250492.0,668370585.0
2022-12-07,2630.0,2632.5,2539.0,2585.0,255900.0,662674497.0
2022-12-08,2599.5,2615.0,2493.0,2529.0,324339.0,823632183.5
2022-12-09,2513.5,2530.0,2420.5,2473.0,273078.0,676243012.0
2022-12-12,2485.0,2612.0,2471.0,2580.5,326039.0,832498186.5
2022-12-13,2593.5,2626.0,2512.5,2553.5,313854.0,806196348.5
2022-12-14,2556.5,2566.0,2484.0,2490.5,190776.0,482546413.5
2022-12-15,2493.0,2549.5,2471.5,2496.5,226372.0,568171385.0
2022-12-16,2483.5,2527.5,2480.0,2504.5,119856.0,299463406.0
2022-12-19,2507.0,2509.5,2435.0,2461.0,194091.0,478356381.0
2022-12-20,2440.0,2570.0,2440.0,2554.0,223157.0,561477595.5
2022-12-21,2564.0,2594.0,2501.0,2522.0,181988.0,461792979.0
2022-12-22,2523.0,2592.0,2516.0,2570.0,229757.0,588855997.5
2022-12-23,2573.5,2577.0,2540.0,2549.5,117274.0,299052286.0
2022-12-26,2555.0,2574.0,2545.5,2560.5,117692.0,301327145.0
2022-12-27,2569.0,2638.0,2559.0,2614.5,244446.0,635837253.5
2022-12-28,2618.0,2639.0,2550.5,2581.0,226350.0,589210714.5
2022-12-29,2584.0,2586.5,2552.5,2564.5,110102.0,282675213.5
2022-12-30,2551.0,2563.5,2521.0,2540.0,98526.0,250481335.0
2023-01-03,2550.5,2600.0,2545.5,2590.0,92567.0,239286349.5
2023-01-04,2592.0,2615.0,2571.0,2587.0,104468.0,270911221.5
2023-01-05,2589.0,2593.0,2562.0,2574.0,48766.0,125686958.0
2023-01-06,2577.0,2583.0,2550.0,2555.0,59804.0,153298290.0
2023-01-09,2559.5,2625.0,2559.5,2612.0,185997.0,482184017.5
2023-01-10,2601.5,2674.0,2587.0,2657.0,254102.0,671476272.5
2023-01-11,2658.0,2700.0,2658.0,2692.5,168189.0,451590486.5
2023-01-12,2699.0,2700.0,2659.0,2685.5,166088.0,446027719.0
2023-01-13,2688.0,2745.0,2675.0,2720.0,221021.0,598851305.5
2023-01-16,2749.0,2760.0,2719.5,2737.5,156277.0,428066394.0
2023-01-17,2738.0,2738.0,2671.5,2679.0,150215.0,404886535.5
2023-01-18,2682.5,2704.5,2661.0,2677.5,98969.0,265924515.5
2023-01-19,2666.0,2686.5,2635.0,2640.5,91628.0,242876439.5
2023-01-20,2641.5,2697.5,2628.0,2677.0,100480.0,267713675.5
2023-01-23,2684.0,2720.0,2683.5,2701.0,124842.0,337586012.5
2023-01-24,2715.0,2734.0,2696.5,2698.5,146672.0,398055813.0
2023-01-25,2698.5,2698.5,2653.0,2683.5,105215.0,281869499.0
2023-01-26,2688.0,2688.0,2651.5,2664.5,111804.0,298223237.5
2023-01-27,2656.5,2678.0,2650.0,2675.5,82147.0,219183398.0
2023-01-30,2684.5,2695.0,2668.0,2693.5,111684.0,299513495.0
2023-01-31,2698.0,2777.0,2688.0,2772.0,301105.0,825014816.5
2023-02-01,2774.0,2798.0,2727.0,2752.5,265875.0,734688783.5
2023-02-02,2755.0,2769.5,2715.0,2745.5,145201.0,399206787.5
2023-02-03,2746.0,2759.0,2725.0,2751.5,119386.0,327485789.5
2023-02-06,2755.0,2798.0,2752.0,2791.0,174502.0,485633644.5
2023-02-07,2793.0,2809.5,2732.5,2742.0,224043.0,618899351.0
2023-02-08,2749.5,2761.0,2705.5,2744.0,223738.0,612804151.0
2023-02-09,2748.0,2769.0,2731.5,2746.0,119526.0,328859561.5
2023-02-10,2740.0,2767.0,2736.0,2746.5,127336.0,350261601.0
2023-02-13,2740.0,2761.0,2740.0,2746.5,95820.0,263671957.5
2023-02-14,2747.0,2748.0,2637.0,2705.5,192360.0,519587586.0
2023-02-15,2599.0,2629.5,2422.0,2456.0,648493.0,1646912353.0
2023-02-16,2500.0,2549.0,2471.5,2497.5,248936.0,623506449.5
2023-02-17,2513.0,2513.5,2464.5,2483.0,129511.0,322603386.0
2023-02-20,2483.0,2496.5,2410.0,2476.5,184212.0,451218547.0
2023-02-21,2494.0,2549.5,2459.5,2517.0,270519.0,678616774.5
2023-02-22,2527.0,2527.0,2451.5,2478.5,150513.0,372707129.5
2023-02-24,2477.0,2655.0,2465.0,2642.5,565977.0,1472599575.5
2023-02-27,2384.5,2550.5,2305.0,2545.5,798001.0,1987959142.5
2023-02-28,2555.0,2589.5,2551.0,2567.5,183649.0,472031931.5
2023-03-01,2570.0,2575.0,2534.0,2559.5,129991.0,332547523.5
2023-03-02,2542.5,2552.0,2493.0,2511.0,245453.0,619483041.0
2023-03-03,2510.0,2554.0,2507.5,2534.0,125440.0,317979890.5
2023-03-06,2548.5,2569.5,2530.0,2538.5,135717.0,346076649.5
2023-03-07,2538.5,2546.5,2528.0,2542.5,68960.0,175038700.0
2023-03-09,2550.0,2555.0,2526.0,2532.0,73868.0,187393278.0
2023-03-10,2528.0,2530.0,2502.0,2523.0,109391.0,275080719.0
2023-03-13,2530.0,2550.0,2510.0,2524.5,148240.0,374960769.0
2023-03-14,2535.5,2593.5,2514.0,2539.5,464149.0,1183766194.5
2023-03-15,2543.0,2567.0,2466.0,2492.0,363198.0,915058164.5
2023-03-16,2497.0,2497.0,2390.5,2445.5,330267.0,804724712.5
2023-03-17,2457.0,2535.0,2444.0,2505.0,308896.0,769694663.5
2023-03-20,2510.0,2550.0,2479.5,2536.5,376130.0,948661130.0
2023-03-21,2545.5,2553.0,2483.5,2493.0,265679.0,667481002.5
2023-03-22,2493.0,2505.5,2475.0,2486.0,100251.0,249555430.5
2023-03-23,2487.0,2496.0,2480.0,2482.0,65843.0,163628201.0
2023-03-24,2484.5,2485.0,2452.5,2462.0,94402.0,233257837.0
2023-03-27,2470.0,2506.0,2462.5,2500.0,170983.0,426540490.0
2023-03-28,2510.0,2510.5,2470.0,2487.5,117160.0,291499011.0
2023-03-29,2489.5,2533.5,2480.0,2509.5,199724.0,501790681.0
2023-03-30,2501.0,2517.0,2492.5,2514.5,111553.0,279910254.5
2023-03-31,2515.0,2521.0,2470.0,2486.5,162113.0,403488141.5
2023-04-03,2499.5,2510.0,2483.0,2500.0,148977.0,371627768.0
2023-04-04,2504.0,2543.5,2477.0,2504.5,314842.0,792798188.5
2023-04-05,2505.5,2505.5,2481.5,2502.5,120030.0,299137177.0
2023-04-06,2504.0,2514.5,2486.0,2499.0,144132.0,360523586.0
2023-04-07,2499.0,2628.0,2491.0,2617.0,622102.0,1588192936.0
2023-04-10,2640.0,2750.0,2628.0,2744.0,665100.0,1799001035.0
2023-04-11,2769.0,2769.0,2603.0,2640.0,606006.0,1618784249.5
2023-04-12,2652.0,2697.0,2641.0,2658.5,238426.0,636051942.5
2023-04-13,2658.0,2684.5,2615.0,2653.5,135957.0,360430297.0
2023-04-14,2660.0,2690.0,2626.0,2675.0,166453.0,442153571.0
2023-04-17,2700.0,2764.5,2685.0,2744.5,307107.0,837520830.0
2023-04-18,2753.0,2760.0,2707.0,2734.5,203017.0,554535162.5
2023-04-19,2740.0,2740.0,2670.5,2684.5,248319.0,671726962.5
2023-04-20,2694.0,2714.5,2626.0,2690.0,240456.0,644161056.0
2023-04-21,2696.5,2716.0,2675.0,2690.0,139735.0,376278094.0
2023-04-24,2693.0,2734.0,2681.5,2710.0,184840.0,502238281.0
2023-04-25,2718.5,2720.5,2677.0,2687.0,138465.0,373483852.5
2023-04-26,2690.0,2709.0,2682.0,2693.5,134155.0,361623242.0
2023-04-27,2701.0,2780.0,2690.0,2777.5,534662.0,1470789647.5
2023-04-28,2782.5,2839.0,2700.0,2754.0,586346.0,1629766528.5
2023-05-02,2760.0,2799.0,2592.5,2679.0,431221.0,1166364558.5
2023-05-03,2679.0,2723.0,2602.0,2629.0,368148.0,985686547.5
2023-05-04,2639.5,2685.0,2622.0,2652.5,169664.0,449771452.0
2023-05-05,2660.0,2665.5,2610.5,2615.5,126150.0,332733105.0
2023-05-08,2618.0,2639.0,2593.5,2610.0,70247.0,183865165.5
2023-05-10,2625.0,2720.0,2613.5,2718.0,204263.0,547299935.0
2023-05-11,2732.0,2745.5,2600.5,2675.0,317181.0,857398116.0
2023-05-12,2685.0,2705.0,2651.0,2670.0,111024.0,296714659.0
2023-05-15,2680.0,2775.0,2680.0,2775.0,313171.0,858493950.0
2023-05-16,2790.0,2914.0,2775.5,2892.0,455156.0,1286339465.0
2023-05-17,2899.0,2998.0,2863.0,2969.0,708060.0,2077879276.5
2023-05-18,2990.0,3075.0,2972.0,3026.0,662490.0,2006348529.5
2023-05-19,3000.0,3025.0,2910.5,2966.5,502672.0,1497204684.0
2023-05-22,3007.0,3199.0,2999.5,3199.0,824758.0,2577023261.0
2023-05-23,3200.0,3206.0,3067.0,3139.5,588345.0,1840832052.5
2023-05-24,3150.5,3305.0,3150.5,3227.0,961073.0,3106571369.0
2023-05-25,3240.0,3242.5,3130.0,3177.0,344509.0,1091344780.0
2023-05-26,3178.0,3261.0,3140.0,3217.0,340949.0,1095758408.5
2023-05-29,3229.5,3466.5,3229.0,3417.5,765012.0,2570658651.5
2023-05-30,3324.0,3426.5,3283.5,3328.5,535581.0,1802716178.5
2023-05-31,3325.0,3370.5,3207.0,3317.5,435975.0,1435775887.0
2023-06-01,3318.5,3387.5,3262.5,3287.0,289674.0,967591212.5
2023-06-02,3287.0,3349.0,3271.5,3337.0,255974.0,848105032.5
2023-06-05,3345.0,3370.0,3207.0,3224.0,352830.0,1162613993.5
2023-06-06,3210.0,3285.0,3108.5,3248.0,359612.0,1144050147.5
2023-06-07,3260.0,3309.5,3225.0,3281.0,244075.0,801593746.5
2023-06-08,3277.0,3366.0,3266.0,3349.5,301658.0,1008351886.5
2023-06-09,3369.0,3464.0,3310.0,3337.5,532377.0,1807856587.0
2023-06-13,3359.0,3440.0,3348.5,3434.0,301686.0,1025585693.0
2023-06-14,3454.0,3579.5,3439.0,3553.0,516695.0,1803662513.0
2023-06-15,3576.0,3657.5,3482.5,3542.5,829171.0,2956827288.0
2023-06-16,3566.5,3566.5,3471.0,3518.0,267956.0,939129925.0
2023-06-19,3520.0,3566.0,3410.5,3463.0,388731.0,1348807202.5
2023-06-20,3458.0,3488.0,3365.0,3404.5,325502.0,1113738442.5
2023-06-21,3411.0,3418.0,3356.5,3387.0,231636.0,784546626.5
2023-06-22,3387.5,3390.5,3328.0,3354.0,161578.0,543057826.5
2023-06-23,3340.0,3346.0,3171.0,3226.5,645014.0,2103227670.0
2023-06-26,3300.0,3406.5,3180.0,3293.5,908832.0,3004303169.5
2023-06-27,3314.0,3368.0,3272.5,3308.5,403637.0,1338866284.5
2023-06-28,3314.5,3339.0,3280.5,3296.0,187468.0,620357892.5
2023-06-29,3300.0,3409.0,3236.5,3304.0,443071.0,1472367642.5
2023-06-30,3311.0,3325.0,3266.0,3280.0,145487.0,478340482.5
2023-07-03,3285.0,3300.0,3211.0,3231.0,277485.0,900138290.0
2023-07-04,3249.0,3267.5,3095.5,3210.0,431462.0,1378701523.0
2023-07-05,3231.0,3279.0,3221.5,3263.0,206860.0,672368287.0
2023-07-06,3273.0,3287.0,3232.0,3251.0,199409.0,649798037.5
2023-07-07,3258.5,3258.5,3205.0,3225.0,144494.0,465385302.0
2023-07-10,3230.0,3369.0,3227.0,3362.0,521048.0,1722831928.5
2023-07-11,3369.5,3419.0,3336.5,3418.0,405325.0,1376462606.0
2023-07-12,3422.0,3445.0,3381.5,3400.0,307839.0,1049786241.0
2023-07-13,3410.5,3418.5,3333.0,3371.0,277423.0,934472433.0
2023-07-14,3378.0,3400.0,3340.0,3397.0,178173.0,602622246.5
2023-07-17,3352.5,3477.0,3350.0,3472.5,421573.0,1448051135.0
2023-07-18,3477.5,3496.0,3439.5,3482.0,301269.0,1048093168.5
2023-07-19,3482.0,3488.5,3440.0,3464.0,217676.0,753872130.0
2023-07-20,3466.0,3466.0,3275.0,3310.0,859173.0,2896746916.0
2023-07-21,3309.0,3378.5,3286.0,3371.0,349129.0,1170161660.5
2023-07-24,3379.5,3404.5,3371.0,3399.0,238606.0,808818169.5
2023-07-25,3400.0,3450.0,3390.5,3448.0,311921.0,1068835684.5
2023-07-26,3445.0,3459.5,3382.5,3424.0,383558.0,1314435844.0
2023-07-27,3430.0,3458.0,3370.0,3403.0,314907.0,1077785320.5
2023-07-28,3409.5,3410.0,3371.5,3399.0,166158.0,564035897.5
2023-07-31,3403.0,3570.0,3396.0,3546.5,890788.0,3117265119.5
2023-08-01,3548.0,3567.5,3481.0,3520.5,507264.0,1784530485.5
2023-08-02,3520.0,3588.0,3497.0,3546.0,420815.0,1488882624.0
2023-08-03,3550.0,3668.0,3527.5,3639.0,712420.0,2570250367.0
2023-08-04,3648.0,3705.0,3411.0,3518.0,978592.0,3523085595.0
2023-08-07,3540.0,3600.0,3486.5,3524.5,366344.0,1303077293.0
2023-08-08,3525.0,3543.0,3430.0,3537.0,332970.0,1159891119.0
2023-08-09,3539.0,3574.0,3490.0,3533.5,257640.0,910492901.0
2023-08-10,3540.5,3686.0,3520.5,3684.5,556826.0,2013995632.5
2023-08-11,3692.0,3779.5,3640.5,3729.5,765640.0,2850051610.0
2023-08-14,3762.5,3784.0,3575.0,3591.5,656297.0,2412165074.5
2023-08-15,3573.0,3665.0,3537.0,3575.0,472794.0,1710240912.5
2023-08-16,3576.0,3611.5,3397.0,3498.0,479945.0,1676774574.0
2023-08-17,3512.0,3565.0,3440.0,3549.0,324974.0,1136311596.5
2023-08-18,3560.0,3600.0,3506.5,3592.0,357423.0,1271325312.5
2023-08-21,3611.0,3650.0,3563.0,3616.5,555638.0,2001074090.5
2023-08-22,3624.5,3624.5,3541.0,3611.5,448200.0,1607136958.5
2023-08-23,3612.5,3636.0,3509.5,3558.0,703620.0,2522512533.0
2023-08-24,3558.0,3587.0,3495.0,3529.0,438875.0,1554200410.0
2023-08-25,3530.0,3545.5,3475.5,3509.0,443127.0,1553591108.5
2023-08-28,3535.0,3585.0,3521.0,3584.5,466336.0,1656783466.0
2023-08-29,3590.0,3631.0,3525.5,3568.5,698123.0,2495413279.0
2023-08-30,3577.5,3583.0,3522.5,3554.5,296713.0,1053325514.0
2023-08-31,3556.5,3677.0,3547.0,3670.5,855928.0,3096760714.5
2023-09-01,3672.0,3678.0,3612.5,3639.5,367887.0,1337629012.5
2023-09-04,3650.0,3780.0,3644.0,3762.0,807731.0,3011489670.0
2023-09-05,3758.5,3809.5,3705.0,3741.0,762947.0,2868948333.5
2023-09-06,3741.0,3741.0,3622.0,3644.5,648704.0,2378310034.5
2023-09-07,3652.5,3660.0,3503.0,3539.5,758586.0,2710949517.5
2023-09-08,3545.0,3566.5,3456.5,3493.0,420457.0,1472836929.0
2023-09-11,3504.0,3557.0,3441.0,3453.0,376663.0,1312263933.5
2023-09-12,3475.0,3613.5,3470.5,3594.5,427288.0,1512215406.0
2023-09-13,3596.0,3609.5,3502.5,3521.0,318410.0,1129360505.0
2023-09-14,3529.0,3532.5,3406.0,3462.5,447772.0,1557743669.5
2023-09-15,3468.0,3545.0,3463.0,3527.0,450748.0,1581531658.5
2023-09-18,3535.0,3576.0,3485.5,3494.0,334282.0,1178476614.5
2023-09-19,3505.0,3505.0,3337.0,3355.0,535331.0,1826526574.5
2023-09-20,3348.5,3380.0,3241.0,3364.0,550307.0,1820360802.5
2023-09-21,3364.0,3394.0,3251.0,3260.0,358592.0,1185235369.5
2023-09-22,3268.5,3323.5,3225.0,3312.5,301677.0,987344184.5
2023-09-25,3310.0,3318.5,3234.5,3273.5,259612.0,849526658.5
2023-09-26,3267.5,3316.5,3222.0,3267.5,278075.0,905664678.5
2023-09-27,3289.0,3335.0,3261.5,3287.5,494512.0,1627923575.0
2023-09-28,3290.0,3327.0,3264.5,3297.5,391520.0,1287836918.5
2023-09-29,3306.0,3309.0,3231.5,3258.5,503519.0,1643291366.0
2023-10-02,3260.0,3280.0,3240.0,3255.0,313753.0,1023045266.0
2023-10-03,3255.0,3297.0,3201.0,3267.5,432942.0,1408737331.5
2023-10-04,3267.5,3311.5,3264.0,3278.0,475438.0,1563125633.5
2023-10-05,3291.0,3306.0,3269.5,3280.5,384731.0,1263613659.0
2023-10-06,3289.0,3345.0,3265.0,3323.5,443889.0,1461805233.0
2023-10-09,3348.0,3380.0,3327.0,3353.0,432756.0,1452008247.5
2023-10-10,3353.0,3408.0,3335.0,3390.0,322818.0,1089419868.0
2023-10-11,3395.0,3418.5,3307.0,3325.5,455779.0,1541654578.5
2023-10-12,3315.0,3431.5,3301.0,3391.0,328439.0,1104230986.0
2023-10-13,3408.0,3503.5,3395.0,3475.0,761006.0,2640342434.0
2023-10-16,3498.0,3520.0,3452.0,3509.5,508241.0,1776058517.5
2023-10-17,3510.0,3535.0,3486.0,3514.0,381485.0,1338478666.5
2023-10-18,3521.0,3527.5,3437.0,3472.0,413371.0,1443074250.5
2023-10-19,3472.0,3550.0,3462.0,3533.5,486923.0,1714402193.0
2023-10-20,3538.5,3541.5,3471.0,3495.5,359399.0,1256584376.5
2023-10-23,3505.0,3520.0,3462.0,3480.5,232165.0,811970945.0
2023-10-24,3481.0,3505.0,3452.5,3483.0,243959.0,847489022.0
2023-10-25,3490.0,3520.0,3471.5,3497.5,273385.0,957318030.5
2023-10-26,3498.0,3509.0,3441.0,3449.0,264070.0,918697073.5
2023-10-27,3450.0,3468.0,3401.0,3425.5,314290.0,1078767947.5
2023-10-30,3428.5,3460.0,3374.0,3391.0,200520.0,686341664.0
2023-10-31,3392.0,3428.5,3352.0,3416.0,226519.0,766371103.0
2023-11-01,3410.5,3498.5,3390.0,3445.5,286377.0,987803238.5
2023-11-02,3468.5,3477.0,3420.0,3424.5,208873.0,721090505.5
2023-11-03,3430.0,3444.5,3401.5,3417.0,160733.0,550585260.0
2023-11-06,3416.0,3441.5,3415.5,3434.5,103145.0,353698743.5
2023-11-07,3435.0,3529.0,3430.5,3518.5,396407.0,1384454324.5
2023-11-08,3525.0,3571.0,3513.5,3543.5,441676.0,1565436992.0
2023-11-09,3544.0,3555.0,3505.0,3518.5,272318.0,959922008.0
2023-11-10,3530.0,3608.0,3476.0,3481.0,545500.0,1920760733.0
2023-11-13,3471.0,3495.0,3436.0,3482.0,311059.0,1078894177.5
2023-11-14,3490.0,3490.0,3407.0,3421.5,219156.0,754496228.0
2023-11-15,3422.0,3448.0,3367.5,3417.5,230073.0,784677272.0
2023-11-16,3420.5,3454.5,3390.0,3395.0,198215.0,677618985.5
2023-11-17,3393.5,3444.0,3368.0,3407.0,365738.0,1243688766.5
2023-11-20,3425.0,3488.5,3408.0,3465.0,707662.0,2445381677.0
2023-11-21,3472.0,3539.0,3455.0,3504.0,814690.0,2858770377.0
2023-11-22,3511.0,3569.0,3503.0,3530.0,731603.0,2584620864.5
2023-11-23,3543.0,3546.0,3450.0,3464.5,312512.0,1094526789.0
2023-11-24,3464.5,3486.5,3434.0,3469.0,213941.0,740580718.5
2023-11-27,3473.0,3497.5,3415.0,3432.5,246588.0,850654949.5
2023-11-28,3440.0,3454.0,3390.5,3430.0,195389.0,668096949.0
2023-11-29,3435.0,3470.0,3410.5,3416.0,164337.0,565941573.5
2023-11-30,3417.0,3421.0,3305.5,3344.0,375483.0,1259868262.5
2023-12-01,3345.0,3367.5,3290.5,3299.0,200484.0,666026667.5
2023-12-04,3298.0,3298.0,3227.5,3243.5,318160.0,1035502076.0
2023-12-05,3255.0,3275.0,3170.5,3222.5,380596.0,1222127565.5
2023-12-06,3234.0,3234.0,3055.0,3079.0,456027.0,1431834703.0
2023-12-07,3078.0,3128.5,3070.0,3108.5,273741.0,848778146.5
2023-12-08,3110.0,3144.0,3083.5,3105.5,193380.0,603237242.5
2023-12-11,3106.0,3111.5,2912.0,2936.0,453667.0,1362493530.0
2023-12-12,2932.0,3097.5,2900.5,3036.0,549857.0,1656130125.0
2023-12-13,3009.0,3085.5,2981.5,3016.5,228776.0,695013554.0
2023-12-14,3040.0,3087.0,2974.0,2990.0,510381.0,1546273164.5
2023-12-15,2990.0,3026.0,2930.0,2999.0,508097.0,1510881777.0
2023-12-18,3009.5,3048.5,2977.0,3020.0,608198.0,1836362480.5
2023-12-19,3020.0,3114.5,3009.0,3073.5,355152.0,1086993783.5
2023-12-20,3073.5,3086.0,3033.0,3050.0,247968.0,758218626.5
2023-12-21,3048.0,3053.5,2987.0,3006.0,244206.0,734669768.0
2023-12-22,3007.0,3039.0,3007.0,3032.0,157656.0,477745387.0
2023-12-25,3032.0,3096.0,3032.0,3084.5,513081.0,1575152517.0
2023-12-26,3099.0,3099.5,3062.0,3084.5,235851.0,726655091.0
2023-12-27,3088.0,3187.5,3085.0,3183.0,464576.0,1450438171.5
2023-12-28,3195.5,3218.0,3115.0,3211.5,414227.0,1311973743.0
2023-12-29,3202.0,3237.0,3185.5,3210.5,201957.0,647711236.5
2024-01-03,3230.0,3293.5,3210.5,3285.0,195123.0,635238655.0
2024-01-04,3287.0,3292.0,3251.0,3261.0,149095.0,487364412.0
2024-01-05,3270.0,3270.0,3206.5,3236.0,119787.0,386838443.5
2024-01-08,3242.0,3289.0,3237.5,3250.0,175255.0,572822086.0
2024-01-09,3262.0,3317.0,3221.5,3294.5,303494.0,996286022.0
2024-01-10,3305.0,3329.5,3290.0,3293.5,181930.0,602215203.0
2024-01-11,3301.0,3306.5,3221.5,3278.0,287078.0,939387796.5
2024-01-12,3277.0,3363.0,3254.0,3355.5,404951.0,1346749772.0
2024-01-15,3373.0,3443.5,3340.5,3426.0,589988.0,2000938850.5
2024-01-16,3441.0,3441.0,3219.0,3271.0,1231048.0,4065004768.5
2024-01-17,3271.0,3273.0,3153.5,3184.0,868048.0,2772037341.5
2024-01-18,3180.0,3218.0,3139.0,3148.0,486459.0,1545198752.0
2024-01-19,3148.0,3157.0,3076.0,3108.5,545205.0,1693123949.5
2024-01-22,3108.5,3133.5,3062.5,3133.0,381978.0,1182356473.0
2024-01-23,3140.0,3142.0,3090.0,3107.5,365306.0,1135873593.5
2024-01-24,3110.0,3119.0,3065.0,3077.0,271310.0,836748977.0
2024-01-25,3096.5,3099.0,3011.0,3069.5,575862.0,1752116130.0
2024-01-26,3076.5,3104.5,3060.0,3093.0,453108.0,1397982258.5
2024-01-29,3100.0,3164.0,3094.5,3162.0,486293.0,1524643662.0
2024-01-30,3170.5,3225.0,3133.0,3219.5,607687.0,1935930141.0
2024-01-31,3219.5,3248.0,3176.0,3183.0,438003.0,1410169576.0
2024-02-01,3180.0,3209.0,3170.0,3185.5,240198.0,766634461.0
2024-02-02,3186.5,3192.0,3147.5,3157.5,160011.0,505882241.5
2024-02-05,3157.5,3186.0,3131.0,3175.0,234931.0,742903648.5
2024-02-06,3180.0,3207.0,3177.0,3195.0,181753.0,579997518.5
2024-02-07,3199.5,3279.0,3186.0,3277.5,445065.0,1442848721.0
2024-02-08,3279.5,3298.0,3056.0,3145.0,1262759.0,4014468746.5
2024-02-09,3145.0,3145.5,3060.0,3066.0,472760.0,1461520327.0
2024-02-12,3070.0,3105.0,2980.0,3056.0,940555.0,2856919230.5
2024-02-13,3063.0,3124.0,3021.0,3109.5,407167.0,1253319779.5
2024-02-14,3109.5,3150.0,3075.0,3103.0,417472.0,1304294615.5
2024-02-15,3101.0,3117.5,3011.5,3057.0,428522.0,1309770087.0
2024-03-18,2997.0,3090.0,2872.5,3067.0,13382047.0,39901986018.5
2024-03-19,3050.0,3286.0,3030.0,3252.5,10500258.0,33220642097.5
2024-03-20,3250.0,3344.5,3035.0,3149.5,15400492.0,49046535270.0
2024-03-21,3152.0,3183.5,3050.0,3067.0,4473327.0,13878352635.5
2024-03-22,3075.0,3129.0,2978.0,3012.0,4020801.0,12329195124.5
2024-03-25,3030.0,3115.0,3013.0,3096.0,2676303.0,8202069945.5
2024-03-26,3102.0,3165.0,3102.0,3135.5,2666726.0,8379078023.5
2024-03-27,3140.5,3174.0,3127.5,3155.0,2267007.0,7139629407.5
2024-03-28,3163.0,3165.0,3100.5,3119.0,1113254.0,3503082952.5
2024-03-29,3125.0,3192.0,3123.5,3163.0,1679192.0,5310490712.5
2024-04-01,3166.0,3218.5,3166.0,3205.0,2342909.0,7495416073.0
2024-04-02,3210.0,3222.0,3165.0,3186.0,2185151.0,7002965259.0
2024-04-03,3194.0,3206.5,3133.5,3174.5,1943172.0,6186683090.5
2024-04-04,3169.5,3196.0,3125.0,3128.0,1783947.0,5633375426.5
2024-04-05,3140.0,3152.5,3126.0,3140.0,1153554.0,3620701610.5
2024-04-08,3148.0,3168.0,3142.0,3153.5,1317913.0,4160698438.5
2024-04-09,3156.0,3167.5,3109.0,3129.0,1252582.0,3942391219.5
2024-04-10,3132.0,3143.0,3066.5,3134.0,1965897.0,6107144050.0
2024-04-11,3136.0,3143.0,3093.5,3108.0,852258.0,2652891097.5
2024-04-12,3112.0,3114.0,3078.5,3086.5,727552.0,2254463081.0
2024-04-15,3088.0,3115.0,3086.5,3101.0,964057.0,2989428517.5
2024-04-16,3101.5,3108.0,3060.0,3069.0,952751.0,2936791322.5
2024-04-17,3072.0,3077.0,3022.5,3028.0,1888978.0,5734500225.5
2024-04-18,3032.0,3090.0,3029.0,3071.0,1793821.0,5494080112.0
2024-04-19,3080.0,3108.5,3070.0,3073.5,1236675.0,3823050552.0
2024-04-22,3085.0,3088.5,3054.0,3065.5,789949.0,2427893141.0
2024-04-23,3072.0,3149.0,3066.5,3103.5,2642338.0,8215764672.0
2024-04-24,3109.0,3120.0,3091.5,3098.0,525955.0,1631581709.5
2024-04-25,3104.0,3108.5,3077.0,3097.0,640974.0,1981037893.0
2024-04-26,3099.5,3104.5,3086.0,3090.5,582898.0,1803186931.5
2024-04-27,3097.0,3100.0,3073.0,3086.0,641493.0,1980627868.0
2024-04-29,3089.0,3105.0,3084.5,3090.5,315773.0,976793559.0
2024-04-30,3092.0,3093.5,3081.5,3084.0,181451.0,560087737.0
2024-05-02,3086.5,3096.5,3075.0,3079.0,429772.0,1325440370.0
2024-05-03,3081.0,3082.5,3054.0,3055.0,569110.0,1743458596.5
2024-05-06,3058.0,3165.0,3056.0,3153.5,2463155.0,7677335150.0
2024-05-07,3156.0,3189.0,3121.0,3136.5,1503299.0,4742866707.5
2024-05-08,3148.5,3183.0,3075.0,3086.0,1768531.0,5534415957.0
2024-05-10,3088.5,3128.0,3088.5,3100.0,506724.0,1574642343.0
2024-05-13,3125.0,3133.5,3054.5,3087.5,1606513.0,4978588359.0
2024-05-14,3090.0,3103.5,3077.0,3095.0,834621.0,2581074545.5
2024-05-15,3097.5,3103.5,3080.0,3100.0,648588.0,2006563608.5
2024-05-16,3105.0,3139.5,3083.5,3089.5,1755159.0,5451159589.0
2024-05-17,3093.0,3093.5,3057.0,3060.0,796166.0,2444496311.5
2024-05-20,3067.5,3078.0,2980.0,3022.5,2371054.0,7143466798.5
2024-05-21,3023.0,3023.0,2982.5,2999.5,814053.0,2440567438.0
2024-05-22,3003.0,3007.0,2951.5,2954.5,1122087.0,3335774543.0
2024-05-23,2954.5,2998.5,2904.0,2967.0,1973783.0,5830044625.0
2024-05-24,2975.0,2986.5,2909.5,2909.5,1001431.0,2939047440.0
2024-05-27,2912.0,2944.5,2817.5,2822.0,2334412.0,6697710310.5
2024-05-28,2833.0,2899.5,2811.5,2867.0,1263333.0,3625835754.5
2024-05-29,2877.0,2977.5,2813.5,2929.0,2305544.0,6691645272.0
2024-05-30,2942.0,2982.0,2868.0,2897.0,1612042.0,4727223978.5
2024-05-31,2899.0,2923.0,2767.0,2810.0,1610304.0,4593541894.5
2024-06-03,2829.0,2853.0,2675.0,2804.0,2063548.0,5711919816.0
2024-06-04,2805.0,2903.0,2785.0,2893.0,1439069.0,4106550259.0
2024-06-05,2905.0,2972.5,2896.5,2919.0,1837416.0,5393637483.0
2024-06-06,2917.0,2932.0,2875.0,2912.5,995118.0,2896989126.0
2024-06-07,2915.5,2994.5,2911.0,2957.0,1426024.0,4213674886.5
2024-06-10,2974.0,2999.0,2851.0,2886.5,1394940.0,4105959785.0
2024-06-11,2893.5,2909.0,2850.0,2890.5,1160771.0,3346967702.0
2024-06-13,2815.0,2905.0,2724.5,2886.0,1442269.0,4127729229.0
2024-06-14,2887.0,2949.0,2887.0,2906.0,989265.0,2886716135.0
2024-06-17,2917.0,2938.0,2877.0,2897.0,1000555.0,2918387473.5
2024-06-18,2896.0,2899.0,2803.5,2815.5,1035570.0,2953679044.5
2024-06-19,2820.0,2849.0,2752.0,2774.0,1265521.0,3545760609.0
2024-06-20,2780.0,2947.0,2780.0,2923.0,2520557.0,7202005982.5
2024-06-21,2931.0,2949.0,2877.5,2884.5,1278415.0,3736635163.5
2024-06-24,2890.0,2915.0,2841.0,2868.0,1229889.0,3537762646.0
2024-06-25,2876.0,2896.5,2851.0,2895.5,652885.0,1875381826.5
2024-06-26,2900.0,2968.5,2895.5,2959.5,1220853.0,3577585694.5
2024-06-27,2965.5,2998.0,2935.0,2958.0,1170551.0,3475913556.5
2024-06-28,2973.0,2989.5,2955.0,2968.5,757573.0,2254246139.0
2024-07-01,2984.5,3020.5,2980.0,2991.5,1011313.0,3033286985.0
2024-07-02,2991.5,2995.0,2935.0,2940.0,922777.0,2733325964.5
2024-07-03,2945.0,2954.0,2900.0,2903.5,858070.0,2513214430.0
2024-07-04,2903.0,2911.5,2827.0,2831.5,1136861.0,3260816824.5
2024-07-05,2832.0,2846.5,2791.5,2815.5,1253558.0,3535668033.0
2024-07-08,2821.5,2841.5,2792.5,2795.0,713434.0,2008576459.5
2024-07-09,2800.0,2809.0,2670.0,2674.5,1655029.0,4530385752.5
2024-07-10,2677.5,2738.5,2582.5,2605.5,2058462.0,5512589525.0
2024-07-11,2619.5,2746.0,2607.5,2741.0,1699848.0,4596830914.5
2024-07-12,2745.0,2757.5,2675.5,2692.5,1451775.0,3935726281.5
2024-07-15,2707.5,2710.0,2593.0,2614.5,1506338.0,3985033781.5
2024-07-16,2615.5,2679.0,2555.0,2652.0,2549096.0,6645106467.0
2024-07-17,2658.5,2691.5,2608.5,2627.5,1622790.0,4300096394.0
2024-07-18,2632.0,2736.0,2614.0,2736.0,1642677.0,4394719653.5
2024-07-19,2737.0,2796.0,2689.5,2746.0,2052128.0,5636556495.5
2024-07-22,2773.5,2814.5,2751.5,2772.5,1802140.0,5008011905.0
2024-07-23,2772.5,2785.5,2717.0,2729.0,1856879.0,5096190067.0
2024-07-24,2732.0,2742.0,2705.0,2710.0,1520316.0,4143393463.5
2024-07-25,2710.0,2715.0,2678.0,2685.0,1150313.0,3099991043.5
2024-07-26,2693.0,2717.5,2605.0,2613.5,2365698.0,6313358325.5
2024-07-29,2607.5,2610.0,2543.5,2570.5,1784693.0,4590097398.0
2024-07-30,2570.0,2669.0,2553.0,2655.5,1711905.0,4494874582.0
2024-07-31,2655.0,2681.0,2620.0,2635.0,968578.0,2562963859.5
2024-08-01,2639.0,2650.0,2601.0,2603.0,703078.0,1849565487.0
2024-08-02,2606.0,2614.0,2570.0,2574.0,916003.0,2371195902.0
2024-08-05,2543.5,2580.0,2501.0,2546.0,2137686.0,5418801252.0
2024-08-06,2574.0,2595.0,2524.0,2555.0,1404399.0,3590466054.5
2024-08-07,2562.0,2649.5,2530.0,2607.5,2145104.0,5551617683.0
2024-08-08,2625.5,2638.0,2557.5,2571.0,1563748.0,4070157854.0
2024-08-09,2575.0,2624.0,2564.0,2572.0,1171276.0,3038881873.5
2024-08-12,2572.0,2639.5,2560.0,2617.5,1624846.0,4222878687.5
2024-08-13,2635.0,2648.5,2621.5,2631.5,1235081.0,3253847531.0
2024-08-14,2640.5,2647.0,2588.5,2590.0,1047084.0,2745620740.5
2024-08-15,2597.0,2602.5,2564.0,2567.0,1167629.0,3013918494.5
2024-08-16,2575.0,2597.0,2553.5,2563.0,1219385.0,3141105869.0
2024-08-19,2585.0,2615.5,2571.0,2615.5,2292277.0,5942663539.0
2024-08-20,2621.0,2680.0,2591.5,2617.0,3157371.0,8330742582.0
2024-08-21,2622.0,2652.0,2596.0,2630.0,2002545.0,5242286021.5
2024-08-22,2633.0,2644.5,2555.0,2575.0,1664397.0,4334126939.5
2024-08-23,2580.0,2589.0,2481.5,2530.0,2634024.0,6677595359.5
2024-08-26,2589.0,2596.5,2553.5,2576.0,1645400.0,4238113122.5
2024-08-27,2581.0,2589.5,2532.0,2546.5,1270565.0,3250014664.5
2024-08-28,2546.5,2548.5,2502.0,2534.0,1203573.0,3040622481.0
2024-08-29,2534.0,2545.0,2490.0,2504.0,1415546.0,3558472854.0
2024-08-30,2513.5,2515.0,2393.0,2397.0,2286677.0,5589895183.5
2024-09-02,2377.0,2390.0,2233.0,2245.5,3618862.0,8355023688.0
2024-09-03,2259.0,2330.0,2210.0,2256.0,3494462.0,7893758827.5
2024-09-04,2265.0,2329.0,2246.5,2327.5,2213320.0,5066301406.5
2024-09-05,2350.0,2365.0,2284.5,2297.0,2056548.0,4802123673.5
2024-09-06,2298.5,2333.0,2287.5,2316.0,1115360.0,2577935431.5
2024-09-09,2332.5,2415.0,2327.0,2411.5,2143632.0,5086908023.5
2024-09-10,2444.0,2444.0,2361.0,2388.0,2128302.0,5093172340.5
2024-09-11,2385.5,2402.0,2313.0,2322.5,1708881.0,4039054033.0
2024-09-12,2320.0,2340.0,2297.0,2315.5,1566464.0,3627745186.5
2024-09-13,2320.0,2347.0,2262.0,2329.0,2705134.0,6248647293.5
2024-09-16,2350.5,2432.0,2343.5,2432.0,2164031.0,5180141702.5
2024-09-17,2435.5,2456.5,2402.0,2448.5,2109432.0,5127867352.5
2024-09-18,2448.5,2488.0,2432.5,2442.5,1938748.0,4761739395.0
2024-09-19,2450.0,2489.5,2440.5,2470.0,1723114.0,4251266811.0
2024-09-20,2475.5,2529.5,2475.0,2529.0,1872816.0,4699716945.5
2024-09-23,2554.5,2585.0,2538.0,2585.0,1565434.0,4020037455.5
2024-09-24,2627.0,2645.0,2583.5,2642.5,2538547.0,6635530288.5
2024-09-25,2638.0,2779.0,2618.0,2659.5,6879887.0,18526042422.0
2024-09-26,2649.0,2695.0,2602.0,2614.0,3651559.0,9675398488.0
2024-09-27,2616.5,2669.5,2611.5,2643.0,2809075.0,7416830634.0
2024-09-30,2659.0,2685.5,2618.0,2623.5,2650083.0,7053992117.5
2024-10-01,2627.5,2628.0,2541.0,2560.5,3901901.0,10059736656.0
2024-10-02,2563.5,2591.0,2468.5,2498.5,3716883.0,9417934876.0
2024-10-03,2503.0,2589.0,2487.5,2589.0,4110641.0,10449513309.5
2024-10-04,2596.5,2618.5,2545.5,2547.5,3247929.0,8384204809.5
2024-10-07,2557.0,2568.0,2518.0,2523.5,2613251.0,6632155030.5
2024-10-08,2536.0,2552.0,2509.0,2531.0,2030351.0,5134227340.0
2024-10-09,2535.0,2597.0,2524.0,2568.0,4250882.0,10876001073.5
2024-10-10,2575.0,2592.5,2553.5,2566.5,1862046.0,4787937431.5
2024-10-11,2569.5,2571.5,2544.0,2546.0,1440271.0,3684929742.0
2024-10-14,2555.5,2619.0,2536.0,2598.5,3137163.0,8087826748.5
2024-10-15,2598.0,2638.5,2590.5,2619.5,2842964.0,7452413692.0
2024-10-16,2629.5,2637.0,2594.0,2601.5,2276900.0,5954072021.0
2024-10-17,2607.5,2612.5,2573.0,2577.5,1882034.0,4889637816.0
2024-10-18,2576.5,2586.0,2557.5,2568.5,2070390.0,5325512839.0
2024-10-21,2574.5,2609.0,2574.0,2584.0,1972627.0,5107737316.5
2024-10-22,2593.5,2593.5,2552.5,2555.0,1956564.0,5038469534.0
2024-10-23,2554.0,2554.5,2462.0,2483.5,3271471.0,8250541974.0
2024-10-24,2476.0,2539.5,2476.0,2532.0,3866757.0,9701797122.0
2024-10-25,2533.5,2548.0,2395.5,2409.0,6895159.0,17061780679.5
2024-10-28,2375.0,2396.0,2304.5,2322.5,6429933.0,15127324162.5
2024-10-29,2330.5,2406.5,2311.5,2390.0,6183809.0,14508422391.5
2024-10-30,2398.5,2410.5,2334.5,2341.0,5236207.0,12459205357.0
2024-10-31,2329.0,2355.0,2307.0,2327.5,4488913.0,10477242488.0
2024-11-01,2328.0,2349.0,2317.6,2344.0,3976727.0,9278068771.2
2024-11-02,2346.6,2354.0,2293.8,2312.6,3887345.0,9030913333.6
2024-11-05,2326.0,2334.0,2310.4,2324.2,3163340.0,7342738976.6
2024-11-06,2402.0,2434.6,2348.4,2373.6,7943938.0,19016486763.8
2024-11-07,2374.0,2482.0,2350.6,2482.0,6940349.0,16722197648.0
2024-11-08,2517.0,2577.2,2486.0,2573.0,9908282.0,24986789287.4
2024-11-11,2629.0,2642.6,2596.4,2614.2,8420119.0,22059373462.2
2024-11-12,2608.2,2609.0,2543.6,2549.8,6717022.0,17368295561.8
2024-11-13,2543.8,2584.8,2513.2,2524.0,7647823.0,19552926050.6
2024-11-14,2526.0,2575.0,2526.0,2554.0,6830166.0,17446964268.8
2024-11-15,2565.8,2606.4,2550.0,2603.6,6473766.0,16651616477.0
2024-11-18,2540.2,2667.2,2530.0,2640.4,11502908.0,30068083155.0
2024-11-19,2655.4,2675.4,2566.0,2591.0,12502963.0,32845022904.6
2024-11-20,2605.6,2623.4,2530.0,2540.2,9962949.0,25785097228.6
2024-11-21,2550.4,2579.0,2473.2,2576.4,10618712.0,26907111594.8
2024-11-22,2582.0,2588.4,2412.2,2444.8,12281914.0,30759388122.8
2024-11-25,2386.4,2394.8,2326.0,2339.6,7803585.0,18423632656.0
2024-11-26,2340.2,2375.4,2251.2,2274.0,10453756.0,24201716754.8
2024-11-27,2280.0,2389.8,2207.4,2384.8,16169268.0,37076501010.8
2024-11-28,2390.0,2416.6,2330.4,2367.0,9862491.0,23428426684.4
2024-11-29,2362.0,2424.0,2351.2,2387.8,7774611.0,18591390509.4
2024-12-02,2404.0,2430.6,2388.4,2392.2,6214953.0,14937026672.0
2024-12-03,2397.8,2402.6,2340.0,2352.0,6196687.0,14655955327.6
2024-12-04,2354.0,2386.0,2272.0,2288.6,8309368.0,19466965200.0
2024-12-05,2295.0,2374.6,2283.0,2371.0,9736023.0,22623542126.8
2024-12-06,2376.0,2390.0,2336.0,2350.0,8375821.0,19800420078.8
2024-12-09,2382.8,2410.0,2365.0,2395.0,6292380.0,15012071993.4
2024-12-10,2397.4,2398.0,2342.0,2345.2,6593828.0,15573120671.0
2024-12-11,2346.0,2351.2,2328.4,2346.4,5209213.0,12192565896.8
2024-12-12,2351.0,2358.6,2302.2,2305.4,4913532.0,11496911970.6
2024-12-13,2305.2,2312.8,2285.8,2289.0,4275645.0,9826702135.6
2024-12-16,2284.6,2287.2,2180.2,2182.0,8219587.0,18389508970.2
2024-12-17,2194.6,2221.6,2192.0,2221.4,6763471.0,14929723726.8
2024-12-18,2223.2,2268.0,2207.0,2260.2,7497003.0,16729124418.4
2024-12-19,2260.0,2299.8,2244.4,2272.0,9957933.0,22657561453.0
2024-12-20,2272.0,2600.0,2263.4,2543.0,16773829.0,41703474309.8
2024-12-23,2601.6,2640.0,2572.2,2624.4,12442170.0,32578025912.6
2024-12-24,2621.0,2628.2,2565.2,2569.6,9703547.0,25233988696.0
2024-12-25,2562.2,2641.8,2556.0,2634.4,11111715.0,28959363765.4
2024-12-26,2642.0,2659.0,2622.2,2625.8,7248883.0,19155557491.6
2024-12-27,2630.2,2645.0,2617.0,2637.0,4518292.0,11902731198.8
2024-12-28,2640.0,2665.2,2638.4,2662.8,4057613.0,10772956712.0
2024-12-30,2687.4,2752.2,2677.6,2752.2,5333925.0,14525287923.6
2025-01-03,2755.0,2765.0,2678.0,2687.6,4642298.0,12596905547.2
2025-01-06,2660.0,2717.2,2645.0,2714.0,5521016.0,14854270161.6
2025-01-08,2707.6,2759.0,2705.0,2750.6,4910929.0,13450649051.2
2025-01-09,2752.8,2792.6,2712.8,2734.0,11102461.0,30489107348.0
2025-01-10,2755.0,2900.0,2738.2,2900.0,16996299.0,48046472579.0
2025-01-13,2967.6,2999.0,2874.0,2891.6,16744413.0,49310997904.8
2025-01-14,2873.0,2959.4,2864.6,2938.0,11165469.0,32657515056.6
2025-01-15,2937.4,2995.4,2906.6,2985.6,7182072.0,21195414451.8
2025-01-16,2995.0,3012.2,2965.4,2980.8,4857781.0,14527497013.2
2025-01-17,2985.0,3053.0,2962.0,3052.8,5197476.0,15641355708.6
2025-01-20,3090.0,3108.0,2936.8,2969.8,6848888.0,20770481956.0
2025-01-21,2988.0,3057.6,2970.0,3041.8,3969570.0,11947011547.4
2025-01-22,3044.6,3075.4,2990.0,3005.8,4169278.0,12639331349.6
2025-01-23,3007.0,3025.0,2976.4,3022.2,2892449.0,8685280660.8
2025-01-24,3022.8,3039.0,2996.0,3009.6,2554246.0,7719849129.4
2025-01-27,3011.2,3016.4,2903.2,2912.8,2939497.0,8746115019.6
2025-01-28,2912.8,3013.0,2881.0,3004.6,4782338.0,14145680836.6
2025-01-29,3003.0,3045.0,2990.8,3020.2,3914518.0,11831625631.8
2025-01-30,3021.0,3067.8,3021.0,3057.0,3548643.0,10806111945.4
2025-01-31,3059.6,3098.8,3037.4,3041.8,3858582.0,11844114777.2
2025-02-03,3035.2,3049.0,2990.8,3036.2,3068200.0,9251654490.6
2025-02-04,3037.2,3056.8,2992.8,3000.6,2577578.0,7811175764.6
2025-02-05,3003.0,3086.0,2982.6,3079.8,5044981.0,15297094429.6
2025-02-06,3079.8,3135.0,3079.8,3103.0,4290878.0,13322992983.0
2025-02-07,3107.4,3123.0,3098.0,3105.0,2281690.0,7095170999.4
2025-02-10,3122.0,3188.4,3116.8,3143.8,5373376.0,16966649172.2
2025-02-11,3155.0,3179.4,3145.0,3176.0,3027856.0,9586599722.6
2025-02-12,3180.0,3400.0,3121.2,3373.2,11440493.0,37301636208.6
2025-02-13,3399.0,3454.6,3281.0,3328.0,8467324.0,28486136291.2
2025-02-14,3550.0,3550.0,3300.2,3364.4,9009016.0,30528970530.4
2025-02-17,3412.0,3528.6,3407.0,3492.0,7299395.0,25386400907.2
2025-02-18,3502.6,3513.4,3370.0,3390.6,6430115.0,22132289122.2
2025-02-19,3415.0,3469.8,3382.0,3455.0,3513605.0,12043671998.4
2025-02-20,3461.6,3478.4,3420.0,3436.6,2535378.0,8763293241.6
2025-02-21,3439.6,3459.4,3392.8,3425.0,2372617.0,8131128012.2
2025-02-24,3437.2,3455.0,3403.8,3452.0,1947018.0,6675044526.8
2025-02-25,3456.2,3487.6,3428.0,3434.6,2585382.0,8949658045.2
2025-02-26,3442.4,3455.0,3292.0,3324.8,4009962.0,13520381385.2
2025-02-27,3324.8,3358.6,3235.0,3241.6,4258925.0,14058529918.8
2025-02-28,3238.0,3338.8,3180.8,3287.6,6590703.0,21434528167.6
2025-03-01,3308.8,3313.0,3296.8,3303.0,88273.0,291557336.40000015
2025-03-02,3290.0,3292.8,3269.0,3277.0,217202.0,712334459.2
2025-03-03,3271.6,3271.6,3185.2,3215.2,3454537.0,11117153041.199995
2025-03-04,3229.8,3416.0,3223.0,3383.2,4585936.0,15276353753.199984
2025-03-05,3378.6,3442.8,3320.0,3327.6,4332986.0,14663116689.199993
2025-03-06,3333.8,3390.2,3333.8,3368.2,2914308.0,9815538280.800013
2025-03-07,3371.0,3472.6,3331.2,3414.8,6945105.0,23672680859.999985
2025-03-10,3424.0,3455.0,3393.8,3422.6,2718188.0,9325469470.200006
2025-03-11,3428.8,3451.0,3386.0,3419.8,3267959.0,11194926621.000002
2025-03-12,3428.0,3438.8,3390.0,3417.2,2439156.0,8325507203.0
2025-03-13,3422.2,3433.8,3319.6,3374.2,5686390.0,19226314224.799988
2025-03-14,3374.8,3448.6,3345.6,3440.4,3145114.0,10724369323.399988
2025-03-15,3438.2,3448.0,3438.0,3445.2,114578.0,394655034.19999945
2025-03-16,3446.6,3496.0,3446.4,3492.0,486421.0,1692910185.1999996
2025-03-17,3496.0,3540.0,3488.2,3533.8,2814753.0,9922525925.79999
2025-03-18,3538.0,3649.2,3535.8,3564.8,7228220.0,25980365031.00004
2025-03-19,3583.4,3641.8,3555.0,3640.0,3306752.0,11893583462.199991
2025-03-20,3645.2,3685.0,3596.0,3632.4,3963592.0,14427991690.399994
2025-03-21,3640.0,3657.0,3601.4,3605.0,2680612.0,9723104805.599985
2025-03-24,3620.0,3624.0,3571.8,3597.6,2574809.0,9277314103.000006
2025-03-25,3601.0,3625.0,3547.6,3619.8,3251154.0,11684122484.600016
2025-03-26,3624.2,3632.4,3541.4,3557.6,2205657.0,7925517217.200005
2025-03-27,3560.0,3563.0,3385.0,3398.8,4634442.0,16070011758.8
2025-03-28,3400.0,3460.0,3285.2,3304.0,6145683.0,20709823577.199993
2025-03-29,3299.8,3299.8,3255.4,3255.4,329604.0,1075467994.3999999
2025-03-30,3255.4,3255.4,3255.4,3255.4,15767.0,51327891.79999991
2025-03-31,3212.0,3377.2,3200.0,3365.4,4766062.0,15835638871.599981
2025-04-01,3368.0,3424.0,3231.0,3252.2,4635145.0,15530688626.599995
2025-04-02,3258.0,3315.6,3225.0,3302.2,3563249.0,11684720307.600016
2025-04-03,3315.0,3343.6,3188.2,3272.4,4465284.0,14560628311.6
2025-04-04,3305.0,3313.0,3024.0,3040.0,7285667.0,22955573713.399975
2025-04-05,3035.0,3066.2,2992.6,3047.0,852335.0,2576863028.0000033
2025-04-06,3050.6,3114.6,3041.0,3113.4,857969.0,2648609883.599999
2025-04-07,3027.0,3199.0,2868.0,3096.6,10795551.0,32535618551.2
2025-04-08,3115.2,3154.8,2972.4,2999.6,5646723.0,17422045656.600002
2025-04-09,2977.0,3153.8,2875.0,3148.8,9178622.0,27658541541.999992
2025-04-10,3160.0,3162.0,3081.6,3110.6,3323165.0,10360050445.60001
2025-04-11,3116.8,3170.0,3101.2,3169.4,3802686.0,11974385988.200012
2025-04-12,3176.2,3188.4,3173.0,3180.0,463241.0,1472557666.399999
2025-04-13,3179.8,3193.0,3153.2,3190.0,430466.0,1370074634.2
2025-04-14,3187.4,3191.0,3079.0,3104.0,2678679.0,8420597690.400004
2025-04-15,3108.0,3153.8,3084.4,3147.8,2546637.0,7950577886.600008
2025-04-16,3135.2,3203.4,3112.0,3172.0,2934512.0,9267662811.200016
2025-04-17,3175.0,3225.0,3156.0,3225.0,3543768.0,11320369134.400002
2025-04-18,3185.2,3194.8,3127.0,3145.8,3612833.0,11423798559.000002
2025-04-21,3169.0,3239.0,3160.0,3225.0,3129888.0,10030879561.399996
2025-04-22,3228.0,3303.4,3210.0,3276.2,3814374.0,12404274125.599987
2025-04-23,3283.2,3286.0,3177.4,3214.6,4234967.0,13628024932.399994
2025-04-24,3220.0,3241.0,3203.2,3212.0,1949164.0,6284438533.600013
2025-04-25,3220.0,3289.0,3220.0,3284.4,3488238.0,11387587438.99998
2025-04-26,3301.6,3347.8,3300.4,3314.8,1129186.0,3753558658.200002
2025-04-27,3324.0,3330.0,3317.2,3324.4,225779.0,750603954.1999991
2025-04-28,3319.6,3331.8,3268.0,3279.8,3231465.0,10672681986.399996
2025-04-29,3288.8,3294.0,3209.8,3224.6,2318600.0,7559797255.000007
2025-04-30,3225.0,3228.6,3154.0,3169.8,2833963.0,9031258833.800005
2025-05-02,3180.0,3180.0,3002.0,3006.8,2645295.0,8172064541.6
2025-05-03,3009.8,3034.8,3001.4,3022.2,276477.0,836027372.2000005
2025-05-04,3037.8,3056.8,3028.8,3042.0,338718.0,1030975252.4000006
2025-05-05,3042.0,3043.0,2921.0,2946.2,3471995.0,10341496006.400005
2025-05-06,2948.8,3098.4,2911.0,3042.0,4417015.0,13276650945.399986
2025-05-07,3047.8,3079.4,3012.2,3038.0,3366227.0,10273346784.600004
2025-05-08,3048.0,3087.4,3044.0,3055.2,1454793.0,4461397101.8
2025-05-10,3064.4,3073.4,2966.2,3058.0,342833.0,1044872894.1999993
2025-05-11,3123.0,3145.0,3093.0,3106.8,939831.0,2933652314.799996
